tree
version=v4
num_class=1
num_tree_per_iteration=1
label_index=0
max_feature_idx=13
objective=binary sigmoid:1
feature_names=asset_age_years days_since_maintenance recent_thermal_cycles peak_temperature_c vswr_trend_30d load_factor subscribers_served terrain_slope_deg elevation_m antenna_height_m rainfall_intensity_mm_hr lightning_density_per_km2 humidity_pct encroachment_risk
feature_infos=[1.2854601762984386:25] [5:537.71229882057219] [0:221.32816937297292] [24.288764849987974:64.351768231228078] [0.020834378135157938:0.86025109121424326] [0.12946952801855247:0.98642105531054336] [200:33990.738189032789] [0.024344975235775626:17.89794784541056] [5:89.776746695911584] [12:298.64177943929843] [0.00028697557271228094:179.94085535731094] [2.1317473378267662e-05:17.646350357552631] [56.442594235064441:100] [0.0094407691962234835:0.95742958075120965]
tree_sizes=3329 3422 3403 3406 3413 3415 3425 3423 3425 3423 3411 3410 3409 3413 3415 3421 3435 3434 3425 3419 3431 3409 3419 3430 3444 3442 3427 3439 3432 3429 3411 3439 3419

Tree=0
num_leaves=31
num_cat=0
split_feature=0 3 0 4 1 3 3 10 10 7 0 11 13 13 3 11 2 6 4 7 0 7 10 13 12 1 4 12 11 2
split_gain=304.572 55.3325 53.0828 31.4189 30.0872 28.9829 21.6638 19.4534 18.9362 17.7034 15.7433 15.7001 13.9482 13.8093 13.3772 11.4362 10.949 11.8593 10.8183 9.89228 8.94945 12.1945 13.3727 8.38966 8.21556 8.17 7.98415 7.92174 9.24045 12.8433
threshold=14.945773451881214 53.630172893997987 22.723556085257972 0.23843976791020402 228.415551424418 44.273134759787744 43.33349874174251 0.86636743160298668 19.921387859658669 5.6339666070251448 12.652135756760911 2.7007961011874744 0.56556468684906436 0.52586997480640918 48.903361078947469 0.2134140530895253 60.918460146622259 2221.1631477220149 0.46462357257937142 5.7794116351697342 4.6113497836052009 5.2910902692816011 6.3747041688680381 0.19164104226589054 70.552681412449715 235.46467481692409 0.24381036527974159 87.342093690767328 1.8604071371290398 87.078569684794658
decision_type=2 2 2 2 2 2 2 2 2 2 2 2 2 2 2 2 2 2 2 2 2 2 2 2 2 2 2 2 2 2
left_child=1 3 6 14 -3 -4 12 15 10 13 18 -12 -2 26 -1 -8 -9 -18 -5 25 -16 24 -23 -20 -22 -10 -6 -27 -29 -30
right_child=2 4 5 8 9 -7 7 16 19 -11 11 -13 -14 -15 20 -17 17 -19 23 -21 21 22 -24 -25 -26 27 -28 28 29 -31
leaf_value=-3.7706377620198999 -3.7336158364445047 -3.7362526277297379 -3.6760524560695762 -3.7607576420754776 -3.7502403197595156 -3.4491371583876651 -3.6595635284909469 -3.7265114598161611 -3.7477628343252958 -3.5661614646327822 -3.7299791561951237 -3.6204160338429956 -3.6397466163426229 -3.6198421956613966 -3.7760790384223046 -3.7724638712733669 -3.7249038822018483 -3.6093299939096264 -3.666130677103383 -3.6730314649060367 -3.6941928619268749 -3.7389381287648678 -3.635276173937823 -3.7390798371386085 -3.7556585377400515 -3.7414983184620119 -3.6729757566821877 -3.7425482991760028 -3.7399578705625482 -3.610415790884705
leaf_weight=269.01014281064272 14.306160405278208 25.692234272137284 2.8748138789087525 139.25870065391064 7.3115345109254175 4.3914479725062847 3.1464498359709969 2.8069048896431914 22.500511776655912 3.6444490905851117 26.21286985650659 2.7842685598880044 4.5725386105477801 4.7989019080996504 20.395333109423518 4.0519030261784792 2.7163595706224433 30.672226818278432 3.7576307393610504 9.8920761030167323 5.1158105246722689 7.4247161597013456 4.4140843022614717 23.36069230735302 49.256653547286987 8.8281686045229453 4.8668108973652124 4.0292666964232904 2.8295412193983793 5.0479015354067087
leaf_count=11884 632 1135 127 6152 323 194 139 124 994 161 1158 123 202 212 901 179 120 1355 166 437 226 328 195 1032 2176 390 215 178 125 223
internal_value=-3.74089 -3.75158 -3.6422 -3.75564 -3.69947 -3.52016 -3.65972 -3.64042 -3.74199 -3.656 -3.7492 -3.71578 -3.70691 -3.68396 -3.76515 -3.71916 -3.62577 -3.61798 -3.75515 -3.7158 -3.74796 -3.73891 -3.69504 -3.72666 -3.74913 -3.72691 -3.71652 -3.70502 -3.68006 -3.65155
internal_weight=719.971 650.432 69.5388 604.118 46.3139 7.26626 62.2725 43.3938 248.502 20.6217 195.374 28.9971 18.8787 16.9772 355.617 7.19835 36.1955 33.3886 166.377 53.1275 86.6066 66.2113 11.8388 27.1183 54.3725 43.2354 12.1783 20.7349 11.9067 7.87744
internal_count=31806 28734 3072 26688 2046 321 2751 1917 10978 911 8631 1281 834 750 15710 318 1599 1475 7350 2347 3826 2925 523 1198 2402 1910 538 916 526 348
is_linear=0
shrinkage=1


Tree=1
num_leaves=31
num_cat=0
split_feature=0 3 0 0 4 10 10 4 3 12 2 10 3 4 6 4 2 9 0 9 9 13 5 6 4 4 3 9 5 4
split_gain=224.068 61.3497 54.8248 29.2987 26.9096 24.1401 21.8161 21.1973 16.8692 16.0033 15.2083 13.9759 13.0861 12.7099 12.6922 13.9212 10.9147 10.5571 9.93261 9.06885 8.7876 8.18626 8.20281 8.04077 7.29052 7.26764 7.04408 6.82924 6.30952 12.6568
threshold=14.945773451881214 53.630172893997987 22.723556085257972 8.5850126423938331 0.21857727371321906 36.70061121833421 1.6065646750379423 0.53901759499895141 45.798790745594182 86.259747849138364 92.80263397588898 8.358044560688823 48.040877982729647 0.50230456318021099 5981.2712302754526 0.31440523318509489 71.567348863840053 22.385087931394512 9.1950058101874621 125.43027444757904 156.56876273892331 0.15569015769818143 0.57092555744188378 3421.8897402040725 0.59788286465817697 0.23843976791020402 39.466020850117026 116.53359260049258 0.57092555744188378 0.25885631610196852
decision_type=2 2 2 2 2 2 2 2 2 2 2 2 2 2 2 2 2 2 2 2 2 2 2 2 2 2 2 2 2 2
left_child=1 3 5 12 27 8 -6 9 13 26 -7 24 25 -2 15 -8 -11 -18 -16 -10 -14 -19 -23 -24 -9 -1 -5 -3 29 -28
right_child=2 4 -4 7 6 10 14 11 19 16 -12 -13 20 -15 18 -17 17 21 -20 -21 -22 22 23 -25 -26 -27 28 -29 -30 -31
leaf_value=-0.034398173517837353 0.0081982099763169801 -0.0026065830868172643 0.19400058126758202 -0.038835871983269078 -0.00016415060773519694 0.046219915668410147 0.061634877344028352 0.053018381183351865 0.085578022522923902 -0.024877374921569856 0.2092663168984264 0.11317349530832704 -0.010581636078224786 0.10251850317066072 0.012381143795103491 0.22169301150666071 0.10301146666889399 0.076519388743682026 0.11067040588483522 0.0020987388202953791 0.06112435191489092 -0.022175066779282021 -0.025786626857478873 0.041016115804492631 -0.02526189284425694 -0.015330969759208677 -0.01659004063434736 0.06657416233686464 -0.014248345236059371 0.034068727512444705
leaf_weight=169.18045944347978 24.249784298241142 21.655858356505636 8.7827746588736755 19.369816036894917 5.8745921310037401 3.1158760730177155 3.4400511067360666 5.2480067852884513 28.959489848464727 10.450024811550973 3.6102658230811357 5.3946494664996854 106.19688219204545 3.234981855377554 5.3069792035967094 3.5840396210551262 3.5473214481025925 4.8814453277736893 4.565712945535779 3.7069386839866629 3.4627165775746098 11.10369063541293 4.9497484322637346 20.701855568215251 4.8291639536619186 74.350697441026568 25.067296167835593 3.2552274465560904 104.65587803907692 22.474841490387917
leaf_count=7686 1016 939 318 870 246 129 144 228 1161 464 146 233 4749 135 226 149 157 213 191 152 154 490 217 909 211 3306 1131 141 4680 999
internal_value=0.000950638 -0.00866211 0.0817608 -0.0130519 0.0453359 0.0643798 0.0834125 0.000330088 0.0525733 -0.00362519 0.149494 0.0551067 -0.0222215 0.0225091 0.110856 0.160755 0.0194569 0.0300271 0.063834 0.0764486 -0.00778548 0.0215388 0.0124036 0.0276419 0.0166111 -0.0286634 -0.0111794 0.00865397 -0.00742908 0.00756663
internal_weight=719.207 643.547 75.6601 595.864 47.6825 66.8773 22.7714 242.674 60.1512 227.202 6.72614 15.4718 353.191 27.4848 16.8968 7.02409 55.6341 45.1841 9.87269 32.6664 109.66 41.6367 36.7553 25.6516 10.0772 243.531 171.568 24.9111 152.198 47.5421
internal_count=31790 28733 3057 26697 2036 2739 956 10802 2464 10130 275 672 15895 1151 710 293 2450 1986 417 1313 4903 1829 1616 1126 439 10992 7680 1080 6810 2130
is_linear=0
shrinkage=0.05


Tree=2
num_leaves=31
num_cat=0
split_feature=0 3 0 0 3 13 10 4 0 11 10 4 2 11 1 0 3 1 3 7 7 1 1 7 6 2 8 1 4 6
split_gain=216.749 46.8857 33.1177 30.844 32.5542 19.3011 29.2564 18.7183 19.0479 19.3322 16.6441 12.9969 10.4344 9.28762 11.3502 10.6627 11.1551 12.4715 9.72227 8.68432 12.6658 8.49386 8.20115 7.65438 8.2252 7.65546 7.63029 7.45927 7.45648 7.16278
threshold=14.945773451881214 52.333987564678502 8.5850126423938331 20.203209513546931 44.12427293928689 0.39232642627145126 8.5417314971301561 0.43236508660774664 9.6672473793990736 0.37614759697054612 64.994631485629995 0.25885631610196852 98.233170871544772 0.47950783279101722 287.7921933301518 11.253729098254857 47.632408284655106 212.71793619384243 41.234574638764023 5.9653090594293046 6.5789207768249414 225.42521458815003 369.95047599435048 3.3982464024746206 6799.230592341185 90.976017474333048 60.95644772111968 282.51561509922749 0.13148154430391426 7590.1446283457353
decision_type=2 2 2 2 2 2 2 2 2 2 2 2 2 2 2 2 2 2 2 2 2 2 2 2 2 2 2 2 2 2
left_child=1 2 28 5 -5 -2 23 8 29 -10 11 19 -11 26 15 16 -15 -18 -16 22 -21 -9 -4 25 -25 -7 -13 -22 -1 -3
right_child=3 7 10 4 -6 6 -8 21 9 12 -12 13 -14 14 18 -17 17 -19 -20 20 27 -23 -24 24 -26 -27 -28 -29 -30 -31
leaf_value=-0.036841419825722192 0.025915091836622245 0.01688964548280383 -0.022020424444621614 0.036895840855476668 0.176151753232904 0.017191077688431117 0.14423270092733356 0.027993960828688491 0.0029168729113301741 0.034102878231145835 0.086805808094925718 -0.012455440394071045 0.13263092062029724 0.0066611538931302203 -0.016732314264974738 -0.021931604842003544 -0.00043014047305687853 0.1304994764250561 0.072390407367061607 0.080506841806353827 -0.034873589898941237 0.14094186485222962 0.046917937570589388 -0.023510630438565803 0.063657076239795982 0.10130681708748163 0.036098009196526948 0.041779305861387145 -0.0195696864273643 -0.021194484447757265
leaf_weight=86.588705187663436 27.484190918505192 27.644906252622604 95.155558466911316 6.9441444836556938 12.832175949588416 4.8556694369763154 11.785049973055719 3.4315571058541527 10.095578823238613 5.4547684919089061 4.4425883945077649 46.80031612701714 6.8906449507921934 17.163122020661834 3.3861412536352899 16.109208721667528 2.9625296164304009 3.6842128615826368 14.782886700704692 4.7044084966182735 8.2805361319333297 3.9459074288606644 3.599825542420148 6.2265178766101581 3.3583941590040922 6.8689149934798479 8.7518132943660003 3.854266306385397 242.92444428615272 20.698894577100873
leaf_count=4024 1068 1189 4328 266 413 191 443 143 421 222 192 2076 283 744 148 692 129 159 629 210 374 149 162 240 129 267 387 174 11142 903
internal_value=0.000762846 -0.00897626 -0.0140201 0.0776503 0.131384 0.05826 0.0835736 0.0270846 0.0184292 0.0554172 0.000385238 -0.00165936 0.0949142 0.0103029 0.0241077 0.00868392 0.0294468 0.079718 0.0557743 -0.0134068 0.0189698 0.098018 -0.0190623 0.0450652 0.01016 0.0705595 -0.00430316 -0.00919981 -0.024206 0.000484467
internal_weight=721.708 641.353 563.191 80.3551 19.7763 60.5787 33.0945 78.1623 70.7848 22.441 233.677 229.235 12.3454 113.64 58.0881 39.9191 23.8099 6.64674 18.169 115.595 16.8392 7.37746 98.7554 21.3095 9.58491 11.7246 55.5521 12.1348 329.513 48.3438
internal_count=31897 28880 25570 3017 679 2338 1270 3310 3018 926 10404 10212 505 4964 2501 1724 1032 288 777 5248 758 292 4490 827 369 458 2463 548 15166 2092
is_linear=0
shrinkage=0.05


Tree=3
num_leaves=31
num_cat=0
split_feature=0 3 4 4 0 8 0 11 7 3 1 3 11 4 12 2 1 10 3 12 1 3 11 8 9 1 1 2 0 2
split_gain=167.133 45.3577 30.5931 29.9951 27.7797 25.9188 21.3467 18.3053 25.1571 20.4517 18.6065 11.9339 14.4881 11.5193 11.9793 11.9051 12.6772 11.0125 10.6163 9.49871 11.8908 9.25795 8.7327 13.6331 12.0531 8.7219 11.2319 12.0456 7.40572 8.2706
threshold=14.877840631188791 48.969508718296673 0.2424349404698618 0.50659756943874723 16.801834052374129 27.656273602935951 6.8753644512479513 0.63819227763524689 5.4358501850176442 53.953921067388258 323.45551456103232 42.47388871541461 1.6231441219048541 0.55508828852427505 73.690270028301242 58.382084416543279 258.81075871271332 59.473848777647639 47.575982308046754 77.609855502988594 377.915496367348 39.664782430406568 0.39353154960629672 59.968665730205508 31.238125726370189 271.54193794225529 237.36449179913947 101.43490524746771 15.992306955697755 106.74190256281699
decision_type=2 2 2 2 2 2 2 2 2 2 2 2 2 2 2 2 2 2 2 2 2 2 2 2 2 2 2 2 2 2
left_child=1 2 -1 5 -5 18 -3 9 10 -8 25 21 19 15 -15 -4 17 -17 -2 20 28 -7 23 -18 -24 26 -9 -28 -13 -30
right_child=3 6 13 4 -6 11 7 8 -10 -11 -12 12 -14 14 -16 16 22 -19 -20 -21 -22 -23 24 -25 -26 -27 27 -29 29 -31
leaf_value=-0.027764811893900232 0.054591316319122299 -0.0082367748571399637 -0.045076655454394626 0.026866703353587554 0.18098406164252964 0.044031859527687504 -0.0073768841382150689 0.0069493743013090458 0.11751509805264292 0.054692256734012873 0.11223576939242429 0.026825203037882401 0.095141377128695581 -0.038794286522521856 0.061518021793899924 -0.014347613068271512 -0.020184325027408037 0.068720974956525446 0.19090294346495962 0.0064094032554249947 -0.0060482493709467164 -0.027589661750217678 0.10021509732235345 0.083762069825757943 0.020114166236821551 -0.028717089319587549 0.12973129761349403 0.0051641191990349916 0.13111968649596659 0.027609721701897662
leaf_weight=256.17070725932717 3.7289841882884494 74.72715125605464 15.62548824585974 4.7598864268511525 8.6727082729339582 6.8770155701786306 50.396360179409385 18.794006742537025 9.6670066807419044 16.927322313189507 4.8157260157167903 6.0486164558678928 13.659170117229221 3.1224202122539273 11.867524070665239 96.832886284217238 20.020930672064427 3.1785020232200614 3.5436559431254864 17.142029721289873 5.6114785615354768 9.5719800572842342 4.9500350803136852 2.7141011077910653 26.347871657460928 7.9194534085690966 3.7036336306482545 3.4507341086864471 6.6719920486211759 3.4411988966166973
leaf_count=12174 138 3361 706 167 267 271 2251 821 382 665 192 230 456 135 496 4390 904 136 124 603 186 374 209 121 1128 329 158 142 234 121
internal_value=0.00129061 -0.00781824 -0.0166159 0.0647503 0.132018 0.0513526 0.0125311 0.025903 0.0490547 0.00880135 0.0294162 0.0406121 0.0520516 -0.00108322 0.0395035 -0.00487941 -0.00053757 -0.0110534 0.136058 0.0349225 0.0561035 0.00316134 0.0187737 -0.00476901 0.0354934 0.0147588 0.0286009 0.0776507 0.076778 0.101552
internal_weight=720.961 631.232 440.83 89.7287 13.4326 76.2961 190.401 115.674 48.3506 67.3237 38.6836 69.0235 52.5745 184.66 14.9899 169.67 154.044 100.011 7.27264 38.9153 21.7733 16.449 54.0329 22.735 31.2979 33.8678 25.9484 7.15437 16.1618 10.1132
internal_count=31871 28700 20399 3171 434 2737 8301 4940 2024 2916 1642 2475 1830 8225 631 7594 6888 4526 262 1374 771 645 2362 1025 1337 1450 1121 300 585 355
is_linear=0
shrinkage=0.05


Tree=4
num_leaves=31
num_cat=0
split_feature=0 3 0 1 0 3 11 5 7 7 2 3 4 0 11 4 0 12 9 0 3 1 8 8 9 2 3 5 3 9
split_gain=122.295 48.0713 24.9606 22.0522 21.5667 20.3888 15.0238 13.6037 16.5963 13.291 11.7494 11.6111 10.9859 12.2406 11.1764 10.8876 10.3013 9.02832 7.32724 14.1156 7.32089 7.38431 12.5144 8.92796 6.62872 6.38552 6.38439 6.36803 10.7853 6.32088
threshold=14.877840631188791 52.979884146680796 8.3071697065156709 267.02201504950443 19.628942065952643 44.12427293928689 0.38781085784162483 0.70506841945359844 6.1739243732835156 4.5228778537316927 90.704601758715214 45.053211508946795 0.26438847622121703 8.2239484882111462 0.38781085784162483 0.47062992602763076 9.7389178732278499 80.135948349413027 110.48101226789821 7.1452525178104489 41.076996293438519 223.23098550186782 31.807303227314762 37.231537012654748 43.309474890957169 85.359194739005218 49.503739312416613 0.58097661223151453 45.207301972227476 122.08027125753505
decision_type=2 2 2 2 2 2 2 2 2 2 2 2 2 2 2 2 2 2 2 2 2 2 2 2 2 2 2 2 2 2
left_child=1 2 11 12 10 -6 -4 -8 16 -5 25 -1 29 -14 -15 18 -9 -7 -13 -20 -12 -22 -23 -24 -18 -2 -17 -25 -29 -3
right_child=4 3 6 9 5 17 7 8 -10 -11 20 15 13 14 -16 26 24 -19 19 -21 21 22 23 27 -26 -27 -28 28 -30 -31
leaf_value=-0.033006297201943174 0.021680500228505335 -0.010895136658854295 -0.015653408135680693 0.045597213016671689 0.02324037225274693 0.076168344868142474 -0.0010809434104891633 -0.026675776924867212 0.095061529653288221 0.14612397682005482 -0.002617583937498971 -0.020871987826286863 -0.0037294035033340091 0.018606449680886195 0.13567856473832937 0.068160232686780273 0.068402304826276433 0.15993156662312344 -0.012429035870592251 0.076925484482784287 0.11853340264496984 0.1099294089309427 -0.031374897639468394 0.093588426519918749 0.014327190905344789 -0.035331666977894569 -0.014943902471445038 -0.040587625267645373 0.047803174562867652 0.050186806413515264
leaf_weight=145.69035326689482 22.24976804852486 28.770848944783211 106.12717526592314 11.901084158569576 9.0539081934839505 11.096344225108625 99.780517330393195 9.2516844887286407 7.5484010707586995 4.5712310951203099 5.1772216372191897 137.97424334287643 6.3818950280547133 4.0186107102781516 4.0823455061763525 5.2945344410836679 7.7864715475589064 7.7312344908714286 17.123842651024464 4.8656170628964892 4.2973477318882933 5.8164328504353788 4.0369404554367092 4.1788511890918043 18.084093062207103 5.2736148983240119 3.1685241758823395 3.7262596543878344 13.100819492712615 3.9396879859268656
leaf_count=7058 798 1224 4902 458 325 294 4403 415 306 156 197 6557 258 153 144 236 334 198 806 226 139 187 142 149 777 188 137 136 444 161
internal_value=-0.000604132 -0.00867224 -0.013344 0.0321856 0.0517246 0.0883408 -0.00149153 0.00909474 0.0323693 0.0802609 0.0356152 -0.022689 0.0140883 0.0487904 0.0860287 -0.0136222 0.016637 0.116896 -0.0166169 0.00982857 0.0524982 0.0604625 0.0489091 0.0310597 0.0325425 0.00990098 0.0387552 0.0439389 0.0270508 -0.00226785
internal_weight=722.1 626.361 562.695 63.6657 95.7387 27.8815 248.578 142.451 42.6707 16.4723 67.8573 314.117 47.1934 14.4829 8.10096 168.427 35.1222 18.8276 159.964 21.9895 40.3339 35.1567 30.8593 25.0429 25.8706 27.5234 8.46306 21.0059 16.8271 32.7105
internal_count=31908 28711 26157 2554 3197 817 11137 6235 1832 614 2380 15020 1940 555 297 7962 1526 492 7589 1032 1394 1197 1058 871 1111 986 373 729 580 1385
is_linear=0
shrinkage=0.05


Tree=5
num_leaves=31
num_cat=0
split_feature=1 3 3 1 1 3 11 1 6 2 2 7 9 10 3 7 7 8 10 6 3 12 5 9 2 3 9 9 13 3
split_gain=64.7553 35.6602 25.8954 23.5183 14.6948 16.0685 16.6165 11.5051 10.5964 12.9425 9.35263 9.49991 13.1865 9.34427 11.7546 8.70485 13.4053 13.5471 8.69482 10.4895 8.68601 8.67736 9.49808 9.27418 8.84475 8.50951 8.09409 7.71948 7.05998 8.00852
threshold=314.21043920745063 48.969508718296673 47.989490451792555 447.21213420992984 174.46098470752864 55.851727363697471 0.6487775762079695 246.17073639318917 4070.9796969594445 97.250574238271625 59.635662576567775 3.0244382477967053 107.7085924068231 1.6656823206304441 52.979884146680796 4.9182041647371824 1.2184137572913378 47.578326002475926 64.994631485629995 5981.2712302754526 43.683978118401427 88.108798967069433 0.64211733585479724 102.36661777352636 139.43823265705387 50.666970094801847 93.653863485893595 63.720731016247775 0.23144024883974679 36.493944659704361
decision_type=2 2 2 2 2 2 2 2 2 2 2 2 2 2 2 2 2 2 2 2 2 2 2 2 2 2 2 2 2 2
left_child=1 7 10 13 -3 6 -6 18 -7 -10 -2 -12 26 -4 -15 16 17 -8 -1 -20 28 23 -23 24 -22 -17 -13 -18 -9 -30
right_child=2 4 3 -5 5 8 15 20 9 -11 11 12 -14 14 -16 25 27 -19 19 -21 21 22 -24 -25 -26 -27 -28 -29 29 -31
leaf_value=-0.021460107978862813 -0.03411133651630982 -0.010099275512242781 0.0079386541576854253 0.15122870822793705 -0.0017515466153857088 0.12736867748718581 0.11791550973253713 0.010961792895348129 -0.024588616916332677 0.080977543952110043 0.0038012717196914724 0.036494667357514762 0.11574644660612865 0.039364488902921484 0.11098808678726245 0.11612768793655573 0.025055120761952022 0.0033277179487304753 0.091763945553604676 -0.020395943162980892 0.0036927290878419798 0.090341851443132171 0.0051351550215581647 -0.045515948834133485 0.084018762242856759 0.031453444375085286 -0.039312931489535713 -0.026633996489995544 0.03150579302028006 -0.034327821134999222
leaf_weight=275.77442016080022 7.7554128952324382 53.81643196567893 11.647498553618787 5.6396033186465493 68.719593901187181 4.3187646735459557 5.2113260310143215 16.718729596585035 4.6316797472536546 5.4271438289433718 37.049889465793967 22.884691732004292 4.0903905015438786 22.116472868248824 7.9195222072303286 4.9773775953799477 16.694978930056099 4.5131614841520786 2.8563788868486872 3.9091656785458326 47.273515110835433 5.3621620386838895 6.9955525919795036 7.975907038897275 2.7051162011921397 8.0562733430415374 3.2855013888329259 11.222767019644378 4.456031071022152 37.670847462490201
leaf_count=13311 315 2435 441 136 2960 155 212 752 170 198 1466 872 152 810 248 192 695 185 131 176 2089 224 292 357 117 293 138 472 201 1723
internal_value=0.000586253 -0.00619557 0.0335751 0.0621738 0.0118313 0.0206633 0.0143314 -0.0144182 0.068894 0.0345407 0.0149655 0.0210366 0.0413423 0.0468643 0.0612169 0.0357528 0.0224771 0.0700041 -0.0200531 0.0326763 -0.00203229 0.00977169 0.0461028 0.00137417 0.00960325 0.0697602 0.0258809 0.00407392 -0.016064 -0.0267951
internal_weight=721.676 599.287 122.389 47.3231 187.589 133.773 119.395 411.698 14.3776 10.0588 75.0659 67.3105 30.2606 41.6835 30.036 50.6759 37.6422 9.72449 282.54 6.76554 129.158 70.3123 12.3577 57.9545 49.9786 13.0337 26.1702 27.9177 58.8456 42.1269
internal_count=31918 27340 4578 1635 7967 5532 5009 19373 523 368 2943 2628 1162 1499 1058 2049 1564 397 13618 307 5755 3079 516 2563 2206 485 1010 1167 2676 1924
is_linear=0
shrinkage=0.05


Tree=6
num_leaves=31
num_cat=0
split_feature=0 3 4 4 1 4 4 11 6 2 5 10 11 1 7 0 12 0 10 2 3 1 9 11 0 0 1 0 11 3
split_gain=110.284 40.661 24.2118 21.0215 21.5098 13.9597 13.8451 15.9557 19.5272 15.4394 18.6919 12.7752 11.1609 12.79 11.5934 11.0908 8.83747 8.70916 9.84644 14.2002 15.1543 8.28517 12.3869 8.07712 8.06907 7.53923 6.80933 9.07281 8.62367 8.27221
threshold=14.945773451881214 48.969508718296673 0.24465322993886626 0.48349487187338841 325.20348175556035 0.53901759499895141 0.19730245910153574 0.79472589714079944 6060.4742632793959 88.370933447070868 0.75342716531633769 49.602410672618952 0.39353154960629672 262.69841077695497 1.4521112151525417 4.6113497836052009 77.100370728339541 5.8975150595332133 14.317533359842423 118.65765594253004 44.381972926057749 225.05102656231057 53.911833188923374 0.028555744542258361 16.324837074550882 3.9677995974455973 270.7967535457297 16.801834052374129 1.0280955239601368 43.683978118401427
decision_type=2 2 2 2 2 2 2 2 2 2 2 2 2 2 2 2 2 2 2 2 2 2 2 2 2 2 2 2 2 2
left_child=1 2 17 11 24 12 15 25 9 -9 -11 23 -4 -14 -15 -3 -16 -1 -19 -20 -21 -10 -23 -2 -5 -8 -25 28 -28 -29
right_child=3 6 5 4 -6 -7 7 8 21 10 -12 -13 13 14 16 -17 -18 18 19 20 -22 22 -24 26 -26 -27 27 29 -30 -31
leaf_value=-0.039926580168410573 0.094092782891183932 -0.035467263414569287 -0.023371286813650315 -0.01346558499879442 0.14701359191618252 0.036157651391947383 0.060943532232378965 0.015593755156671739 -0.017443126514370511 0.16450942532837598 0.037022143318664345 0.11051772677577726 -0.010113240509924109 -0.025617198766220407 0.096235913210420229 0.0053610725254829815 0.025788137791440693 -0.027878136006545907 -0.012889968400141892 -0.016520395422506589 0.11788350083902675 0.085305276817629547 -0.0050599826786923569 0.052866341582319377 0.073796815551304115 0.0014797901621271001 -0.035897745119400699 -0.0050452986577002633 0.030571057701010595 0.046469906191648064
leaf_weight=89.307392587885261 3.8140592612326136 21.438951143994927 67.555496402084827 4.2845609728246945 9.0339634213596565 19.02498123049736 4.8094228096306315 6.4785859044641283 10.866854377090933 6.6465617846697551 5.7936421260237694 4.5524367950856677 59.974293077364564 6.8447173703461912 5.4497644957155016 63.531767452135682 18.472860191017389 113.42559480108321 37.000329121947289 3.3724039737135163 3.7407168727368116 6.3166127707809192 7.6545359399169683 16.720392251387239 4.976619578897953 65.34713445417583 11.891431404277684 10.887213286012409 6.9212764892727128 24.895141383633018
leaf_count=4600 128 1010 3212 143 212 782 222 246 464 251 213 133 2789 286 231 2777 753 5663 1805 165 179 221 290 563 138 2747 421 408 223 686
internal_value=-0.00082931 -0.00860503 -0.0173384 0.0482052 0.0956212 -0.0032128 0.0100146 0.0213348 0.0446731 0.0816348 0.112308 0.0362681 -0.00814183 0.00332739 0.0290206 -0.00523305 0.0450542 -0.0274317 -0.0201413 -7.10339e-05 0.0599792 0.01445 0.0387648 0.0303764 0.0360481 0.00635537 0.0257147 0.0165979 -0.0111348 0.0310847
internal_weight=721.03 623.053 424.169 97.9771 18.2951 177.322 198.884 113.913 43.7568 18.9188 12.4402 79.682 158.297 90.7416 30.7673 84.9707 23.9226 246.846 157.539 44.1134 7.11312 24.838 13.9711 75.1295 9.26118 70.1566 71.3155 54.5951 18.8127 35.7824
internal_count=31961 28906 20465 3055 493 8053 8441 4654 1685 710 464 2562 7271 4059 1270 3787 984 12412 7812 2149 344 975 511 2429 281 2969 2301 1738 644 1094
is_linear=0
shrinkage=0.05


Tree=7
num_leaves=31
num_cat=0
split_feature=0 0 3 3 0 13 11 12 12 3 4 3 7 11 1 9 9 4 5 8 0 13 4 4 0 7 9 6 4 3
split_gain=98.5762 31.112 24.7094 14.6391 13.5967 12.2013 13.7339 12.3672 11.9032 11.6789 11.4318 10.2317 9.18828 12.7142 8.28743 8.17963 7.39414 7.05325 8.9226 8.18474 7.7325 6.7757 6.26873 6.01455 7.67651 5.98496 5.95536 9.91944 8.30083 8.01727
threshold=14.413906467304351 7.7638990913703667 52.979884146680796 48.096562534912799 20.203209513546931 0.39232642627145126 0.38144771027846963 79.700944229376375 89.827144982547409 43.2180424531686 0.46462357257937142 46.774665394753676 5.398273210414084 1.1183926772971078 188.26367705120887 35.219364291729143 150.40030888750414 0.19846966819747017 0.8180149120991419 61.197530501620115 12.84860663806124 0.53473923408357915 0.52460909161015767 0.39646527106194057 10.754725475243246 2.5349716863772471 38.410239408587543 6060.4742632793959 0.26253888060077279 42.134973409412709
decision_type=2 2 2 2 2 2 2 2 2 2 2 2 2 2 2 2 2 2 2 2 2 2 2 2 2 2 2 2 2 2
left_child=1 3 10 22 5 -2 7 11 -8 -6 12 -7 26 -14 -15 -12 -5 18 -4 20 21 23 -1 24 -19 -11 29 28 -28 -3
right_child=4 2 17 16 9 6 8 -9 -10 25 15 -13 13 14 -16 -17 -18 19 -20 -21 -22 -23 -24 -25 -26 -27 27 -29 -30 -31
leaf_value=-0.029910622073931799 0.0098193778451615091 -0.02719988452010896 -0.03036744602435322 -0.0081833394953583754 0.012674741142432883 -0.0034869494994826293 0.085596652490797259 -0.043687327556871366 0.0056646233432353713 0.050312930463965434 -0.026120541743593812 0.077391421189142925 -0.0054844491810135641 -0.017895347429171277 0.063096430779631757 0.04045646958436111 0.052173998486420549 -0.012051038873426869 0.059238929426594589 -0.010107411830029734 0.0048927660176024982 0.12895147664170353 0.023014861231901666 0.10207633893964828 0.072982984795088579 0.11294212006346212 -0.015429903886425823 -0.026792137698042309 0.021136720158807881 0.016335867609313191
leaf_weight=179.19956039264798 37.283656807616353 13.701503634452818 6.1977692022919637 108.38943239673972 6.8005807567387846 7.3620470184832829 22.673305766656998 5.4977973215281954 5.9829583261162034 9.2044853977859038 5.0077447630465057 7.1460037529468536 31.867895135655999 3.5306149553507593 13.861786896362899 22.440592234954238 4.3298315890133372 5.3687572423368781 3.5309676844626665 3.8566979747265568 4.328398570418357 4.8192448057234278 5.0783102475106707 3.557963114231824 3.8277799338102341 12.288411637768148 36.892314499244094 83.301153684034944 25.286894116550684 36.791167972609401
leaf_count=9319 1281 668 240 4968 229 270 723 186 178 191 206 230 1467 149 550 912 184 192 133 134 140 152 220 105 129 257 1786 3920 1133 1679
internal_value=-0.000109765 -0.00816842 0.00296169 -0.0196884 0.0422802 0.0317351 0.0479906 0.0151101 0.0696619 0.0721358 -0.00220112 0.0387717 -0.00566051 0.0134577 0.0465762 0.0278188 -0.00542645 0.0416051 0.0046447 0.0548693 0.0662526 0.0802884 -0.0283358 0.0538628 0.0270284 0.08955 -0.01051 -0.0156175 -0.000459899 0.00422336
internal_weight=719.406 605.166 308.169 296.997 114.239 85.9458 48.6621 20.0058 28.6563 28.2935 272.682 14.5081 245.233 49.2603 17.3924 27.4483 112.719 35.4876 9.72874 25.7588 21.9021 17.5737 184.278 12.7545 9.19654 21.4929 195.973 145.48 62.1792 50.4927
internal_count=31931 28386 13695 14691 3545 2868 1587 686 901 677 12470 500 11352 2166 699 1118 5152 1225 373 852 718 578 9539 426 321 448 9186 6839 2919 2347
is_linear=0
shrinkage=0.05


Tree=8
num_leaves=31
num_cat=0
split_feature=0 3 4 10 2 3 10 4 0 10 4 10 4 3 10 10 9 2 0 0 13 6 2 6 5 7 5 2 0 8
split_gain=100.581 30.2312 24.1703 21.5994 19.114 16.2425 13.1548 20.1477 10.2089 10.9447 8.68686 8.78635 7.5003 8.51701 8.12266 7.66234 7.1284 6.95525 6.75819 6.75658 13.4282 8.16584 6.73765 8.7604 17.0513 7.24958 6.44214 5.98031 6.55168 5.91563
threshold=14.413906467304351 48.903361078947469 0.2424349404698618 32.995630505286293 108.72275225401903 44.225352892147299 31.566019544379646 0.19452615345270211 20.952357930000876 17.304424557565721 0.53901759499895141 64.994631485629995 0.28991821751247476 49.451403175667735 1.6065646750379423 2.1236199363664667 35.617419962445226 58.382084416543279 5.8464302838832891 12.978250964980722 0.3291640504161269 6140.0872056748258 82.19880260010099 2657.1014262445869 0.62814321699934939 2.5349716863772471 0.70506841945359844 102.17838745831075 9.0111403660176936 63.925845897309564
decision_type=2 2 2 2 2 2 2 2 2 2 2 2 2 2 2 2 2 2 2 2 2 2 2 2 2 2 2 2 2 2
left_child=1 2 18 5 -5 -2 12 -8 9 -7 11 17 22 -14 27 -16 -12 -4 -1 -19 21 -21 29 24 -24 -25 -9 28 -15 -3
right_child=3 6 10 4 -6 8 7 26 -10 -11 16 -13 13 14 15 -17 -18 19 -20 20 -22 -23 23 25 -26 -27 -28 -29 -30 -31
leaf_value=-0.037707820084106669 0.0024557280856850835 -0.030173312615325555 -0.040602603301136103 0.048431993277115254 0.16857160958602921 0.043271798166739039 -0.017555458551930726 0.028662601974065151 0.079846708309952497 -0.020791755307647743 -0.029022567815172928 0.06018609468973405 -0.035125964306136195 -0.026060661142000303 0.10185017133097217 0.029395391268441581 0.043015382673489429 -0.0082817037646737424 -0.019491872301104052 0.11488721090884715 -0.019183707874966077 0.017187317441334327 0.12955580325690236 -0.017681490038004392 0.0060246285479785763 0.011586574044510089 0.10551121970587168 -0.043119560782231503 0.063791398149198611 0.035455429261482638
leaf_weight=82.171256527304649 29.590208504348993 27.574493044987324 13.457566153258083 9.9566262215375883 5.119934828951954 48.986505594104528 7.9510260261595276 5.2581767905503503 17.055934026837349 7.0850815717130891 3.5537910200655487 3.9428399950265876 5.2877455260604611 3.0157696530222875 3.5732484180480268 28.057776186615229 15.959765978157519 120.42935969308019 144.9507072083652 3.521067017689349 8.3995185606181604 4.8612698875367641 2.878834454342722 39.299265671521425 10.365172035992144 43.571116225793958 8.2404219936579448 5.2519251871854067 3.3536312989890575 3.0533011443912974
leaf_count=4518 1064 1220 672 274 127 1529 352 200 312 203 150 156 230 128 134 1048 607 5715 7467 148 364 205 127 1742 440 1870 296 216 133 137
internal_value=0.000685273 -0.00765109 -0.0155104 0.0427127 0.0971787 0.0338585 0.00837588 0.0444196 0.0463608 0.0349544 -0.00147303 -0.00549658 0.00373818 0.0202377 0.0276469 0.0404508 0.0291207 -0.00760092 -0.0262187 -0.00409379 0.024735 0.0660978 -0.00268982 0.00386011 0.0400868 -0.00233842 0.0796176 -0.00764655 0.023485 -0.0227166
internal_weight=715.773 597.979 401.247 117.794 15.0766 102.718 196.732 21.4496 73.1275 56.0716 174.125 154.612 175.282 48.5401 43.2524 31.631 19.5136 150.669 227.122 137.211 16.7819 8.38234 126.742 96.1144 13.244 82.8704 13.4986 11.6213 6.3694 30.6278
internal_count=31784 28275 20002 3509 401 3108 8273 848 2044 1732 8017 7260 7425 1889 1659 1182 757 7104 11985 6432 717 353 5536 4179 567 3612 496 477 261 1357
is_linear=0
shrinkage=0.05


Tree=9
num_leaves=31
num_cat=0
split_feature=0 3 0 10 10 4 4 8 11 13 0 7 10 3 13 3 3 10 0 0 13 10 8 9 11 7 13 0 12 13
split_gain=85.849 27.84 18.6851 16.0537 16.0201 11.1754 10.948 12.6215 9.90493 8.57447 8.08011 6.91986 10.2189 10.4315 8.3706 7.62205 7.23323 9.58702 8.04253 7.9019 9.09245 7.31298 7.27159 7.06141 6.88443 8.55835 6.24116 6.12778 9.3254 18.4843
threshold=14.945773451881214 53.953921067388258 5.8464302838832891 40.093560601579732 49.602410672618952 0.46462357257937142 0.48349487187338841 27.656273602935951 0.30535230956260712 0.49955403552455147 6.3367167914171665 5.4358501850176442 7.0518000170467996 48.903361078947469 0.3291640504161269 50.816865937588041 50.816865937588041 2.97565344611409 6.0161971355862134 9.7751828082968313 0.36657290401991655 25.182815834723613 36.114891862336385 108.03860680285617 1.9533006526840841 3.4377002035183142 0.68577178477007428 10.919864627666415 71.92970163029436 0.4357717448306801
decision_type=2 2 2 2 2 2 2 2 2 2 2 2 2 2 2 2 2 2 2 2 2 2 2 2 2 2 2 2 2 2
left_child=1 2 -1 9 6 11 7 -2 -8 -3 -11 16 26 14 -14 -15 18 22 -4 -19 -21 27 -18 -23 -7 -26 -13 -20 29 -29
right_child=4 3 5 -5 -6 24 8 -9 -10 10 -12 12 13 15 -16 -17 17 19 21 20 -22 23 -24 -25 25 -27 -28 28 -30 -31
leaf_value=-0.02555718595429517 0.080750747783801563 0.0032976408669107057 0.040740351583498785 0.11931777908326009 0.1111495729592307 0.0074855820243883257 0.023088128535997794 0.018709347597473707 0.095013058286071803 -0.0030555096182331969 0.071397834668947377 -0.016336899214339843 0.043204654541856388 0.1138949485074896 -0.019084889703026728 0.017345960292887371 -0.020092546401418915 -0.036931745915389079 -0.025288953910268669 -0.02722417371934388 0.056357039230240637 -0.0051552458350110214 0.053342604692205836 0.051653211325454113 0.095992800360338554 0.0032467843783220377 0.045023289951456442 -0.025939595596588479 -0.014607283393286197 0.10517932707163063
leaf_weight=154.30842489749193 8.4219679012894613 31.857773238793015 5.551856765523552 3.3941455725580445 6.6496487930417052 27.920378534123302 8.9358543865382689 73.996820164844394 11.865688456222413 5.2451312169432631 10.373756865039466 36.391541237011552 8.5405029542744213 4.143698647618292 11.497010771185158 4.0952280629426241 3.8631810359656837 13.093925263732674 142.77115347422659 5.2596428263932449 5.9689394794404507 39.244290802627802 12.879430554807184 5.33353960327804 4.7752055954188091 4.4963293951004744 3.691711399704217 4.9982353374361974 51.039707876741886 4.1256665401160717
leaf_count=8154 224 1173 294 113 152 1122 214 2188 263 217 322 1721 370 137 523 136 174 578 7276 205 226 1830 565 248 181 154 174 235 2386 196
internal_value=-0.000170403 -0.0075727 -0.0108356 0.0274843 0.0402817 -0.00510227 0.0346936 0.0259411 0.066592 0.0185931 0.0477156 -0.00779416 0.00646323 0.0289623 0.00825621 0.0729763 -0.0111184 0.00818905 -0.0142714 -0.0117752 0.0181816 -0.0156643 0.0362208 0.0026258 0.0206512 0.0557096 -0.00972721 -0.0196752 -0.00615785 0.0378829
internal_weight=714.73 604.86 553.99 50.8708 109.87 399.681 103.22 82.4188 20.8015 47.4767 15.6189 362.489 68.3597 28.2764 20.0375 8.23893 294.13 41.0651 253.064 24.3225 11.2286 247.513 16.7426 44.5778 37.1919 9.27153 40.0833 202.935 60.1636 9.1239
internal_count=31751 28710 26885 1825 3041 18731 2889 2412 477 1712 539 17274 3061 1166 893 273 14213 1748 12465 1009 431 12171 739 2078 1457 335 1895 10093 2817 431
is_linear=0
shrinkage=0.05


Tree=10
num_leaves=31
num_cat=0
split_feature=0 3 10 0 4 3 0 4 5 3 10 7 12 13 3 13 7 9 5 6 12 7 5 8 8 9 6 5 10 7
split_gain=78.4621 23.1548 17.3788 14.6629 13.8902 13.6313 15.1203 11.0609 10.9012 11.3003 10.4357 10.2358 12.542 9.91564 9.5315 8.89338 8.78409 8.70297 9.94357 8.16789 11.2394 8.43181 7.85499 7.47964 9.54538 9.13354 7.28451 7.10834 8.10843 6.95298
threshold=11.569721444311183 53.630172893997987 7.9977699061856855 22.723556085257972 0.22858031603370255 47.518177368217266 16.801834052374129 0.21900352838481804 0.70327651769163391 44.12427293928689 19.921387859658669 1.1421495636903312 90.139421190847884 0.35442977485193022 46.553682492144127 0.14514415051796223 2.4561056752441188 46.652547677316541 0.79351078609436898 5981.2712302754526 87.342093690767328 4.1194099412928447 0.80571063731626691 25.916494112719061 31.007747083630235 82.011470979263621 5662.6190125577423 0.43047578652462276 14.317533359842423 7.5902237902855143
decision_type=2 2 2 2 2 2 2 2 2 2 2 2 2 2 2 2 2 2 2 2 2 2 2 2 2 2 2 2 2 2
left_child=1 4 5 11 14 6 -2 22 9 -8 15 12 13 -4 -1 16 -6 -12 19 20 -19 -21 -3 -13 -25 27 -9 -26 -29 -7
right_child=2 7 3 -5 10 29 8 26 -10 -11 17 23 -14 -15 -16 -17 -18 18 -20 21 -22 -23 -24 24 25 -27 -28 28 -30 -31
leaf_value=-0.03102157015585626 -0.016229963992528816 -0.026587016711364642 0.033398945396115182 0.1119128817290618 -0.013325515348357323 0.024327143797233431 0.010874223034063261 0.079791363932344872 -0.0338938840552249 0.08586273827354711 -0.014268112563783984 0.079528203806596212 -0.0077197099906098137 0.13485876789962112 -0.011450009280231413 -0.014819328487497743 0.06198785077394936 0.011509601083508594 -0.032806255445505819 -0.0084204860145842674 0.1152127765370497 0.062842816895422704 0.027535505681666152 -0.042686763362981585 -0.015517092647653899 -0.0048323966167241536 0.020991453846449393 0.088679887927216289 0.030907793858383721 0.077398516895613181
leaf_weight=137.20145833864808 50.411298520863056 13.208151362836363 4.8905859906226379 6.2592496238648883 6.9674644507467729 55.40441401489079 11.029855333268648 8.8831594064831751 4.492961272597312 8.7746658343821746 15.240496110171078 5.0758023504167786 3.5861321780830613 6.2359928824007511 116.41241159848869 134.03833248652518 6.9641710706055164 4.5926990080624872 4.4714672509580842 10.713491702452304 5.9134276583790779 5.5780807416886082 11.694334411993621 4.6169436443597069 4.5906327087432137 16.110535856336355 13.479331649839876 8.268261466175316 23.773919604718685 6.354160960763692
leaf_count=7714 2186 544 170 105 333 1776 380 265 110 213 648 124 124 198 5817 6428 325 194 187 479 248 226 470 143 176 555 467 273 745 187
internal_value=0.000119424 -0.0109125 0.0249102 0.0427825 -0.014431 0.0137551 -0.00066685 0.0220517 0.0309879 0.046629 -0.00434444 0.0358135 0.0723728 0.0966947 -0.0221182 -0.0108322 0.0259524 0.0160897 0.0308697 0.0422926 0.0748197 0.0182026 -0.00108899 0.0261934 0.020192 0.026388 0.0467644 0.0398818 0.0480481 0.0309338
internal_weight=715.234 495.358 219.875 83.4081 448.094 136.467 74.7088 47.265 24.2975 19.8045 194.48 77.1488 14.7127 11.1266 253.614 147.97 13.9316 46.5097 31.2692 26.7977 10.5061 16.2916 24.9025 62.4361 57.3603 52.7433 22.3625 36.6328 32.0422 61.7586
internal_count=31810 24345 7465 2613 22599 4852 2889 1746 703 593 9068 2508 492 368 13531 7086 658 1982 1334 1147 442 705 1014 2016 1892 1749 732 1194 1018 1963
is_linear=0
shrinkage=0.05


Tree=11
num_leaves=31
num_cat=0
split_feature=0 4 0 1 0 13 2 10 10 2 9 2 0 11 1 4 6 5 11 13 10 0 9 12 10 11 5 12 4 12
split_gain=86.7064 21.9745 18.0237 11.7252 10.9332 12.6841 10.7403 9.84897 9.06268 12.2025 16.1208 9.65444 8.72785 9.16104 7.7282 12.5918 8.27186 6.79379 7.10423 8.88557 6.77258 6.68776 7.56093 6.32419 6.48656 10.9327 6.23932 5.82309 6.5493 5.69294
threshold=11.62574903942309 0.39646527106194057 22.723556085257972 232.83447795202349 6.5386286861515321 0.6206465727538435 51.445718008808754 1.0423037504833248 8.5417314971301561 115.96398785118353 43.309474890957169 126.91017888486583 15.992306955697755 0.9342887485683512 281.6862197071913 0.29403630488307669 8161.4161463918563 0.77705375043063329 0.26811863088142501 0.3953054343599528 32.214576619965662 10.965871676808431 135.5742766987963 88.878489446301231 7.8190019094998435 0.5537255326175784 0.71806070861431603 73.857975530793496 0.46462357257937142 71.062948748764356
decision_type=2 2 2 2 2 2 2 2 2 2 2 2 2 2 2 2 2 2 2 2 2 2 2 2 2 2 2 2 2 2
left_child=1 4 6 20 -1 26 -2 -5 12 -10 -11 -12 17 14 16 -16 -14 -8 -19 -20 27 22 29 24 25 -9 -6 28 -3 -7
right_child=2 3 -4 7 5 21 8 23 9 10 11 -13 13 -15 15 -17 -18 18 19 -21 -22 -23 -24 -25 -26 -27 -28 -29 -30 -31
leaf_value=-0.024187219736423623 -0.030351044761996699 -0.026917913421414988 0.071856253007856058 -0.029475412276634801 -0.018432781295838124 0.056889555384432834 -0.0017292747644395354 0.0067809418922152647 0.02599557300860264 0.14673653876326506 0.08064302583693872 -0.0017655166488903013 0.02064699130952985 -0.026364486044705229 0.085409095263034196 0.0075608386295979843 0.11384141124743785 -0.0030083032367596288 0.006076515084208681 0.10411753769386783 0.04837767485268412 0.077883136824731081 0.076104033291793771 -0.002899589634572897 0.10131273516782642 0.10508134465649054 -0.00020033167773149394 -0.024816462706393382 0.057204653226048112 -0.0056218414474187937
leaf_weight=180.03182712569833 8.5231740046292526 3.180725539103153 19.306656254455447 3.6360588576644686 147.640466241166 3.176527667790654 62.527177736163139 9.3200378175824934 55.522084882482886 4.5406905002892044 6.1619601845741254 6.9718897081911564 4.5419510770589095 4.9005856346338978 5.9296676274389055 21.679024543613195 5.6435928605496883 7.2821522224694482 4.2329182624816877 4.4638935625553131 4.5229742601513854 3.2659755684435359 2.938298085704445 4.1632062196731559 6.8517615478485814 3.1599749848246566 68.601663501933217 21.749240599572659 4.5442160721868277 27.555675996467471
leaf_count=9723 328 156 324 151 7429 155 2624 367 1781 124 169 198 135 134 174 611 159 276 151 145 174 136 141 144 232 118 3117 956 197 1294
internal_value=0.000829441 -0.0108314 0.0267009 0.017033 -0.0147933 -0.00804461 0.0220733 0.0409149 0.0245154 0.0383553 0.0737105 0.039868 0.0159116 0.033837 0.0421215 0.0266817 0.0778452 0.0058601 0.0339108 0.0619467 -0.00265017 0.01869 0.0108676 0.052567 0.0640671 0.0376198 -0.0126762 -0.0118112 0.0234521 0.00242862
internal_weight=716.566 494.339 222.227 61.1282 433.21 253.179 202.921 27.131 194.398 73.1966 17.6745 13.1338 121.201 42.6948 37.7942 27.6087 10.1855 78.5061 15.979 8.69681 33.9972 36.9365 33.6705 23.495 19.3318 12.48 216.242 29.4742 7.72494 30.7322
internal_count=31823 24490 7333 2495 21995 12272 7009 1012 6681 2272 491 367 4409 1213 1079 785 294 3196 572 296 1483 1726 1590 861 717 485 10546 1309 353 1449
is_linear=0
shrinkage=0.05


Tree=12
num_leaves=31
num_cat=0
split_feature=0 4 1 10 10 2 11 0 2 0 6 9 2 9 6 6 1 1 11 8 0 6 8 8 10 10 10 5 2 12
split_gain=59.3486 23.231 14.7083 14.5988 13.8669 10.9169 9.1389 9.65664 15.0245 8.79382 10.3148 8.9861 8.27285 7.34474 7.26592 11.4089 9.32882 10.5663 8.87758 8.59985 10.4778 8.57407 7.9658 7.04335 6.9655 7.96659 9.09537 8.46832 6.49778 6.30691
threshold=13.244232283243338 0.21900352838481804 225.05102656231057 23.707649708270271 27.229004329462672 108.72275225401903 0.043294411737708073 19.628942065952643 95.98344817457189 10.100541569282731 6060.4742632793959 54.748955475388478 53.431930955262466 177.09357609577106 20629.044148017772 12105.588700083334 271.54193794225529 255.75204838889323 0.49431848689727603 33.357196842867161 8.6647568793788832 4804.9074059552086 26.22669637943557 46.878340156906255 0.75316335174158455 2.4573180839007072 2.0645357391834414 0.62125265920943262 87.610578768926203 83.77962011600026
decision_type=2 2 2 2 2 2 2 2 2 2 2 2 2 2 2 2 2 2 2 2 2 2 2 2 2 2 2 2 2 2
left_child=1 13 3 -3 6 -6 28 24 23 10 11 -5 -4 -1 15 16 17 19 21 -14 -21 -19 -18 -9 -8 26 27 -26 -2 -20
right_child=4 2 12 9 5 -7 7 8 -10 -11 -12 -13 14 -15 -16 -17 22 18 29 20 -22 -23 -24 -25 25 -27 -28 -29 -30 -31
leaf_value=-0.018615335917249065 0.010214015877655743 -0.017920902331494192 -0.033807166256712699 0.00061910985191130025 0.031852794016958501 0.09700350391832438 -0.025884024733853452 0.094253168772358897 0.00030785689333430287 -0.033490933461876038 0.0058812121128226195 0.10573212462027895 -0.021561948682443183 0.044975463036096938 0.069952984333293819 -0.018319786711262828 0.069997020098492985 0.075281605989660327 0.1379345520821281 0.0013507454389788866 0.064062541082954561 -0.017850425678541431 0.00096643902081991993 0.024665696861091067 0.05449906576328685 0.0024771546397665285 0.090400627754547005 -0.010139949794275623 0.086450846054602182 0.047225067816854885
leaf_weight=272.27661068551242 4.6594690922647697 101.52507749199867 7.6932208072394124 2.8810070194304043 18.604949459433559 10.344249146059154 12.665530204772947 10.210358079522853 13.96085951477289 4.6609464809298506 12.164093360304831 6.008017759770155 9.1370687056332809 3.6964616533368817 5.1883123517036429 21.810067463666201 3.5366284530609837 3.3528431486338395 4.2857895493507367 13.288862660527231 12.442976607009767 5.0332704335451126 53.421510681509972 6.7457461785525075 7.9616766236722532 57.980077583342791 4.994614800438284 11.069981601089237 7.3140581473708153 5.595082426443696
leaf_count=14565 145 5002 362 128 490 220 444 206 275 186 560 241 406 189 203 968 133 144 163 621 525 230 2166 147 273 1866 171 376 219 207
internal_value=0.0005391 -0.00741045 0.00295793 -0.00940537 0.0265895 0.0575943 0.0196962 0.0154246 0.0392353 0.0236282 0.0372191 0.0751718 0.0138129 -0.0176043 0.0167107 0.0141059 0.0206366 0.0355117 0.0654248 0.0184538 0.0329379 0.0234381 0.00638643 0.0694842 0.00731996 0.0126982 0.0362791 0.0182718 0.0598575 0.0956308
internal_weight=714.509 547.998 272.025 127.239 166.512 28.9492 137.562 125.589 30.917 25.7141 21.0531 8.88902 144.786 275.973 137.092 131.904 110.094 53.1359 18.267 34.8689 25.7318 8.38611 56.9581 16.9561 94.6719 82.0064 24.0263 19.0317 11.9735 9.88087
internal_count=31831 26999 12245 6117 4832 710 4122 3758 628 1115 929 369 6128 14754 5766 5563 4595 2296 744 1552 1146 374 2299 353 3130 2686 820 649 364 370
is_linear=0
shrinkage=0.05


Tree=13
num_leaves=31
num_cat=0
split_feature=0 3 4 4 6 2 0 4 10 12 12 3 0 10 1 0 1 8 5 8 5 4 0 0 4 1 2 1 3 8
split_gain=66.5838 24.2008 18.5973 12.8892 21.1503 11.6221 12.6868 12.9333 9.58699 16.1234 12.9337 9.1629 7.56683 7.50111 7.38163 7.37761 7.17256 7.09785 13.6301 8.77227 7.76263 8.59766 6.74592 8.74505 6.58295 6.37253 9.34676 8.24337 8.08708 8.8939
threshold=12.430832234392192 48.969508718296673 0.53901759499895141 0.19730245910153574 6060.4742632793959 51.445718008808754 16.801834052374129 0.48349487187338841 15.419163839528755 69.426103975799251 89.979864082412135 47.681957486625841 4.5225490784093116 8.9415844789758694 260.24528258429046 5.8464302838832891 174.46098470752864 55.776229770673559 0.72410443650859979 27.286282140301747 0.82318605775523468 0.29403630488307669 15.992306955697755 15.172818587927615 0.31591076357763131 399.11135342011056 83.660970991733009 325.20348175556035 42.729115272395759 40.924063044022681
decision_type=2 2 2 2 2 2 2 2 2 2 2 2 2 2 2 2 2 2 2 2 2 2 2 2 2 2 2 2 2 2
left_child=1 2 15 12 8 -2 11 14 9 -5 -10 13 -3 -7 -8 -1 -6 19 -19 -13 24 -22 23 -15 -21 26 27 -16 -28 -30
right_child=5 3 -4 4 16 6 7 -9 10 -11 -12 17 -14 22 25 -17 -18 18 -20 20 21 -23 -24 -25 -26 -27 28 -29 29 -31
leaf_value=-0.031145917363400884 -0.030380417577621346 -0.037432781815606699 0.029482031542969713 0.12083420796174874 -0.035918411647017194 -0.010287036776058998 -0.021286650909931332 0.078715787843851123 0.11143109647743173 0.014105180100323501 0.0010893100507827992 0.082810537118210251 -0.00073599908580641795 0.015929530693717945 0.022591168454225184 -0.014727108194221973 0.0064186294559867357 0.11758501948746945 0.0085884539744594778 -0.020213671156952918 0.09247432677396035 -0.0024917993861672573 -0.031126866280628052 0.089135256452764405 0.025578051904745686 0.0032939174946008997 -0.022361542158295097 0.10803751220192802 0.079874014850766381 0.011605950032798632
leaf_weight=100.44155214633793 8.3894748799502832 17.504272541031241 19.390861056745052 3.0703841894865027 12.194870103150604 37.990370489656925 5.5895330272614947 18.601436510682106 8.1916097421199066 30.269142972305417 3.7627786025404921 4.1921795289963475 58.497321620583534 16.807799106463797 5.0435349456965914 223.6232837215066 40.508403507992625 5.21108805015683 5.645917484536767 16.523470180109147 4.5515371281653625 4.0865621939301491 3.8284560274332753 4.6682303622364989 13.215455032885073 11.494158523157237 5.8571333643049028 8.0362655464559776 7.6741820387542274 11.514584090560673
leaf_count=6027 291 921 707 119 564 1563 162 300 255 1184 122 102 2674 620 134 11740 1615 174 172 568 135 117 95 114 399 253 187 186 157 273
internal_value=0.00010185 -0.00935092 -0.0170309 0.00581918 0.0177258 0.0246151 0.0271827 0.0433275 0.0423882 0.0271669 0.0794649 0.0166919 -0.00956417 0.00369421 0.030216 -0.0198962 -0.00386404 0.0317396 0.0664088 0.0215762 0.012954 0.0519501 0.0242778 0.0351 0.000305475 0.0363235 0.0459426 0.0790342 0.0262901 0.0415125
internal_weight=716.376 517.454 343.456 173.999 97.9972 198.921 190.532 73.8108 45.2939 33.3395 11.9544 116.721 76.0016 63.2949 55.2094 324.065 52.7033 53.4262 10.857 42.5692 38.377 8.6381 25.3045 21.476 29.7389 49.6199 38.1257 13.0798 25.0459 19.1888
internal_count=31930 25928 18474 7454 3859 6002 5711 1652 1680 1303 377 4059 3595 2392 1352 17767 2179 1667 346 1321 1219 252 829 734 967 1190 937 320 617 430
is_linear=0
shrinkage=0.05


Tree=14
num_leaves=31
num_cat=0
split_feature=0 3 4 12 2 2 13 0 7 12 3 8 5 0 3 12 6 9 5 9 0 11 7 6 7 0 5 7 7 2
split_gain=44.3257 22.2444 13.8888 12.0364 11.9118 11.1293 10.0793 10.0374 9.41147 12.0044 11.1577 19.9001 8.45963 11.2024 8.32179 7.53562 10.1448 7.5747 14.2067 6.77466 10.6153 6.41314 9.49169 6.09678 6.0665 10.054 5.88698 9.78728 12.9944 5.8047
threshold=14.945773451881214 48.040877982729647 0.55508828852427505 68.652627180234802 56.03434349169877 110.76261739749778 0.47398282107345185 5.815938769011848 6.0285726494244765 79.16551070552589 50.816865937588041 52.522751719126312 0.84025962226448281 11.181268111882105 44.225352892147299 91.853289310698557 2657.1014262445869 22.972669675050835 0.73682813884798681 21.367333719761742 11.569721444311183 2.5888321039480018 0.9455198311441958 9206.9837816974414 3.7806433698655528 10.069056092830211 0.75800788503555105 2.2580990893212967 3.8366381156511178 138.4048026492824
decision_type=2 2 2 2 2 2 2 2 2 2 2 2 2 2 2 2 2 2 2 2 2 2 2 2 2 2 2 2 2 2
left_child=1 2 7 5 -2 6 -3 -1 12 -10 11 -11 21 -14 -6 17 -17 18 19 20 -9 -5 -23 26 -18 -26 27 -24 -29 -19
right_child=4 3 -4 8 14 -7 -8 15 9 10 -12 -13 13 -15 -16 16 24 29 -20 -21 -22 22 23 -25 25 -27 -28 28 -30 -31
leaf_value=-0.030123622260436102 -0.029671564006720486 0.031173083757969018 0.029604378252612834 -0.010882232674887653 0.009730637254415227 -0.01726160733253496 0.14765508219618881 -0.039561406674659419 -0.00555724106241238 0.027141711777410427 0.012460907738371219 0.16453091543664541 0.0066703409716558125 0.078359235830547172 0.039371212721047905 0.090632905775533804 -0.019708148892725239 -0.01805815599489052 0.10020886713629734 0.051940864031292194 0.050287427365648112 0.070248641658885919 -0.015871131276934691 -0.033749906691937365 0.08110455496515051 -0.026921785882510613 -0.024969583158621592 0.13309370574437202 -0.0022387502654282864 0.022193373415719558
leaf_weight=88.333752159029245 7.8915665671229354 5.0767936278134567 16.880712281912565 125.36193750984967 33.867192383855581 3.4457896780222654 2.7752190344035625 12.216526402160531 17.575203681364655 7.2833291105926055 11.475428137928246 3.6326229199767113 26.62834213860333 5.9265193007886401 84.509620537981391 2.8878424633294371 11.774348198436202 193.12600759230554 2.9708126913756123 3.3787097055464974 3.4428877960890523 5.1632881425321129 4.6576470937579888 7.6025360468775025 3.9257277864962807 3.1450570691376925 4.7174983117729417 3.0707181189209223 3.0858037322759628 8.5684404429048282
leaf_count=5478 213 220 592 5628 1005 148 115 659 739 286 394 132 1164 185 1811 141 577 10072 142 173 150 189 189 324 199 127 191 123 117 432
internal_value=0.000287416 -0.00549362 -0.0134807 0.00630682 0.0270458 0.0544911 0.0843721 -0.0157417 0.00367073 0.0253685 0.0488423 0.0828329 -0.00109683 0.0216674 0.0310437 -0.0104643 0.0170903 -0.0132054 0.0141641 -0.0035936 -0.0179744 -0.00602866 0.0151109 0.000403919 0.0018215 0.0356727 0.018152 0.0374844 0.0744272 -0.0162471
internal_weight=714.398 588.13 350.651 237.479 126.268 11.2978 7.85201 333.77 226.181 39.9666 22.3914 10.916 186.214 32.5549 118.377 245.436 21.733 223.703 22.0089 19.0381 15.6594 153.659 28.2975 23.1342 18.8451 7.07078 15.5317 10.8142 6.15652 201.694
internal_count=31915 28886 18742 10144 3029 483 335 18150 9661 1551 812 418 8110 1349 2816 12672 1044 11628 1124 982 809 6761 1133 944 903 326 620 429 240 10504
is_linear=0
shrinkage=0.05


Tree=15
num_leaves=31
num_cat=0
split_feature=0 3 10 3 1 2 0 9 0 3 3 5 13 12 8 2 5 9 10 13 8 8 7 3 5 12 7 5 3 2
split_gain=39.1804 20.3823 17.8151 13.8643 12.4696 10.835 10.8049 10.7515 8.1466 7.92535 7.19023 7.86088 7.09518 11.9331 7.03536 6.90178 6.90109 6.82636 9.328 7.94435 6.61272 11.4837 7.4466 7.26833 7.8489 9.38259 6.43026 6.38906 8.37068 7.157
threshold=7.7638990913703667 50.578287321274935 25.703730915442748 48.251705260835735 447.21213420992984 76.359570302828487 16.801834052374129 111.77644938277975 6.6035330977839797 52.333987564678502 40.917808612194698 0.66785855071268918 0.62933216518050639 75.445476608247205 46.648317228999687 107.88089886414011 0.76504641723915345 53.6068285058575 19.921387859658669 0.35736624145718715 26.782202248835166 21.382956115376697 3.1355471349884083 43.846802299384656 0.39419040252701498 93.810497621854594 2.7543908705810178 0.8180149120991419 52.449783810928331 101.16222608572293
decision_type=2 2 2 2 2 2 2 2 2 2 2 2 2 2 2 2 2 2 2 2 2 2 2 2 2 2 2 2 2 2
left_child=3 2 6 -1 12 -4 20 17 9 -9 -7 14 27 -14 -12 -15 -13 18 -5 -20 21 -2 -23 -22 -25 -26 -18 -3 -29 -30
right_child=1 4 5 7 -6 10 -8 8 -10 -11 11 16 13 15 -16 -17 26 -19 19 -21 23 22 -24 24 25 -27 -28 28 29 -31
leaf_value=-0.023722529348949771 -0.020409910482307475 0.0096730188185974973 -0.0094766934907858612 -0.0055342941146943559 0.095454194404680892 0.00048241260899169609 0.018453830361189919 -0.020368956836847234 0.090218290816816191 0.055199383901228243 0.035970347297880297 -0.0068842171670123803 0.11611785875902003 -0.011287757190734923 0.096213101977416393 0.06505994372025227 0.088175946563743487 -0.021014688681104118 -0.0026247618467153495 0.08728804193058097 -0.021129875693007845 0.0034184230716955144 0.08679373902734977 0.049863727605882542 -0.0075304836613366462 0.063986222896787265 0.0048173486807559888 -0.0088206832312935999 0.016737539327522522 0.085302679723102542
leaf_weight=161.1035139625892 8.7419724222272652 63.917383747175336 15.606714332476257 34.154764762148261 5.6617126334458581 10.542259512469171 51.628610240295529 7.1710810624063033 3.9516787547618142 5.1120242048054934 12.073046348989012 10.150245802477004 4.366304211318492 6.4127630684524757 10.1295696683228 4.1374492179602385 4.3531849477440101 43.881404420360923 4.1723501328378898 4.7832680698484182 79.085121021606028 4.522759046405552 5.8833599202334881 5.9374057035893193 117.88738084957004 3.7750052064657202 4.2895128093659878 6.0299963355064419 7.0209378153085735 9.1978641059249622
leaf_count=9767 392 2064 587 1699 76 398 1191 352 153 206 399 352 136 191 323 124 137 2134 193 215 3907 232 249 275 5269 145 130 205 203 258
internal_value=0.000653024 0.00959948 0.00365345 -0.0146019 0.0285831 0.026561 -0.00196555 -0.000276475 0.0358389 0.0128692 0.0374466 0.0467144 0.0239393 0.0548922 0.0664172 0.0216939 0.0212572 -0.00734718 0.00672579 0.0493424 -0.00669448 0.0207205 0.0540334 -0.00932186 -0.00189596 -0.00480787 0.0515938 0.0180126 0.0405245 0.0583174
internal_weight=715.681 451.351 344.606 264.33 106.744 67.1445 277.462 103.227 16.2348 12.2831 51.5378 40.9956 101.083 14.9165 22.2026 10.5502 18.7929 86.9918 43.1104 8.95562 225.833 19.1481 10.4061 206.685 127.6 121.662 8.6427 86.1662 22.2488 16.2188
internal_count=31962 17243 13986 14719 3257 2326 11660 4952 711 558 1739 1341 3181 451 722 315 619 4241 2107 408 10469 873 481 9596 5689 5414 267 2730 666 461
is_linear=0
shrinkage=0.05


Tree=16
num_leaves=31
num_cat=0
split_feature=0 4 10 2 1 2 6 7 2 9 13 10 7 2 10 10 10 9 11 12 6 4 10 10 13 0 1 1 2 6
split_gain=48.0113 17.2766 14.7519 17.2699 13.0223 11.029 12.5538 10.865 9.34062 11.4288 9.84124 9.26715 7.73308 10.4018 7.71627 7.37939 8.63534 6.89647 17.3113 6.85275 7.94936 6.82641 6.79695 8.44282 6.90736 6.78122 6.49444 7.40936 7.10912 7.61036
threshold=11.569721444311183 0.39646527106194057 7.9977699061856855 77.303232542458531 229.43150055038589 71.567348863840053 2617.5204205585965 7.7694784513201096 82.879975795862421 27.79930331355359 0.38138998978914734 0.99784073329917311 2.4221001851710593 73.997505383088111 26.737371106227705 0.47982013166135667 40.981271655219977 148.04089131035332 1.6570768996840555 91.310820845106775 9043.4019054092914 0.26163070349554968 1.9331623904974948 7.8190019094998435 0.35736624145718715 13.244232283243338 287.7921933301518 322.34973544717565 78.621704060601942 7768.6179866101193
decision_type=2 2 2 2 2 2 2 2 2 2 2 2 2 2 2 2 2 2 2 2 2 2 2 2 2 2 2 2 2 2
left_child=1 5 25 -4 14 -1 15 8 -5 -10 21 -6 13 -8 -3 -7 -17 19 -19 -14 -21 -11 -13 24 -24 -2 -27 -28 29 -29
right_child=2 4 3 7 11 6 12 -9 9 10 -12 22 17 -15 -16 16 -18 18 -20 20 -22 -23 23 -25 -26 26 27 28 -30 -31
leaf_value=-0.030537136465936972 -0.0094345108944296954 -0.018324108278026004 -0.0063252028489126982 0.10665751503344878 -0.02964979911636564 0.077554644790713723 0.05005278501907634 -0.013786190393204121 0.10124034919595473 -0.030633409522473089 0.054493744950438974 0.099581445030756624 -0.011445177969023439 -0.024450017586895093 0.040240277402378975 0.00087619118660700157 0.071108114670705283 -0.013708050815116524 0.12709452329818982 -0.0078423893167489187 0.060083768412999963 0.025897594432795303 0.041023768966474063 0.060819880070565525 -0.035692094477106626 0.03069071620627252 -0.024270874900462185 0.071569353330167632 0.0028466602307343418 0.00087939987383849375
leaf_weight=70.054922496899962 38.466935970820487 26.418694217689335 20.849719825200737 6.2445295248180619 3.6700466535985496 3.2848750352859488 3.9573373198509207 6.7794841639697543 6.8154954705387345 6.246137339621785 28.421375470235944 4.6319559309631613 139.15901538170874 125.15286202169955 6.0947483517229548 40.398892449215055 3.9121171087026587 5.7220432627946121 2.3710353979840875 9.3965086033567804 6.6526438016444436 19.921252273023129 4.4070848068222421 11.873154971748589 5.4158510565757751 39.59404674731195 15.32061182707548 8.2771051283925754 40.42452728189528 6.5003938749432555
leaf_count=3961 1721 1231 646 176 153 174 216 168 171 235 729 169 7395 6792 225 2103 176 300 110 443 327 474 149 364 212 1288 491 214 1025 162
internal_value=0.000433261 -0.0088616 0.0184082 0.0336691 0.0154493 -0.0125962 -0.00882098 0.0448081 0.0507954 0.0434964 0.0345954 0.0386521 -0.0126985 -0.0217993 -0.00647288 0.0147724 0.00850929 -0.00541435 0.0369835 -0.00784772 0.0221868 0.0117728 0.0489097 0.0341807 -0.000663052 0.00846261 0.0147432 0.00548579 0.0140293 0.0425005
internal_weight=716.435 472.574 243.862 95.278 62.5115 410.062 340.007 74.4283 67.6488 61.4043 54.5888 29.9981 292.411 129.11 32.5134 47.5959 44.311 163.301 8.09308 155.208 16.0492 26.1674 26.328 21.6961 9.82294 148.584 110.117 70.5226 55.202 14.7775
internal_count=32000 24500 7500 2599 2503 21997 18036 1953 1785 1609 1438 1047 15583 7008 1456 2453 2279 8575 410 8165 770 709 894 725 361 4901 3180 1892 1401 376
is_linear=0
shrinkage=0.05


Tree=17
num_leaves=31
num_cat=0
split_feature=4 3 11 4 3 12 2 7 7 7 2 2 12 2 10 3 10 10 7 10 4 3 4 3 4 7 2 10 9 3
split_gain=33.036 16.0247 10.9849 10.8617 9.46714 8.58038 8.28288 7.94054 12.7658 10.8213 8.946 14.7013 9.39277 7.76412 7.39318 7.36853 10.9536 7.18115 6.73447 6.35264 6.22478 11.2105 6.19448 6.05532 5.61339 5.53513 6.06121 9.01566 5.47495 5.36203
threshold=0.20672653344004363 48.040877982729647 0.79472589714079944 0.55508828852427505 44.273134759787744 66.989142230078656 81.601913606151953 0.91549231345705084 5.7794116351697342 7.8818637732464785 115.96398785118353 97.488702722914155 86.486654401446117 51.445718008808754 1.3031717981869215 53.100588176316506 1.6065646750379423 8.9415844789758694 0.42595597136874791 28.962127817341557 0.39646527106194057 54.82697984180605 0.24306106851794043 47.466580155996162 0.34321609273892628 3.8026808379220198 131.09721419969523 3.4760649756823963 50.391310965388548 54.641826419055953
decision_type=2 2 2 2 2 2 2 2 2 2 2 2 2 2 2 2 2 2 2 2 2 2 2 2 2 2 2 2 2 2
left_child=4 3 5 13 -1 -3 -4 -8 10 -10 11 24 -12 -2 -5 18 28 22 -7 -16 21 -18 -15 -19 -9 -6 29 -28 -17 -27
right_child=1 2 6 14 25 15 7 8 9 -11 12 -13 -14 17 19 16 20 23 -20 -21 -22 -23 -24 -25 -26 26 27 -29 -30 -31
leaf_value=-0.029426772243497264 -0.040031191066787319 0.071087390406415207 0.0030666381830197487 0.075586519505162097 -0.015124820173093091 0.055765294565894054 0.085099060730030957 0.0079259075666330073 0.11415010381754737 0.022057821318751641 0.0026564105665674758 -0.032324650017864991 0.083665992091008029 -0.028027110831372205 -0.00082158925654294787 0.027355059797623555 0.064811714452068944 0.013047645774505241 -0.006295459266483088 0.057545576192814141 0.08139122771509881 -0.014884611069459845 -0.0027044002406434167 -0.036521007261686882 0.076812925526204362 -0.0070136909169279393 0.10318763207891637 -0.0121105765898133 -0.039400973154493278 0.041407879580981001
leaf_weight=76.171640343032777 12.510478446260093 4.2994039282202712 18.052472492679954 5.6507075913250473 99.377720372751355 3.6445066165179005 8.4538454841822368 6.5584400855004805 6.796044856309889 6.3989898208528757 6.3238299945369345 14.369231995195149 7.4492726568132639 29.513754343613982 17.491181092336777 4.0677651800215227 7.5871356725692811 87.890878441743553 73.854251922108233 5.3422832731157532 6.8269061855971804 8.4590872302651388 117.09736667014658 5.6637020707130423 4.8058893159031868 47.855420554056764 2.5731494165956965 2.8704144610092044 7.0976251568645239 5.4760555867105714
leaf_count=4889 634 146 576 156 5411 126 228 226 155 165 195 462 201 1650 504 131 248 3482 2831 113 151 243 5245 217 125 2553 136 141 225 213
internal_value=0.0002812 0.00784119 0.0188139 0.000189602 -0.0150506 0.00887435 0.0330579 0.0417192 0.0333056 0.0741897 0.0181561 0.000339266 0.0491685 -0.00314962 0.0289132 0.00586587 0.0248974 -0.0010704 -0.00270373 0.0146759 0.0440995 0.0243897 -0.00795736 0.0096923 0.0409141 -0.00798516 0.00413776 0.0499463 -0.014831 -0.00137116
internal_weight=710.529 476.205 195.045 281.16 234.324 115.837 79.208 61.1555 52.7017 13.195 39.5067 25.7336 13.7731 252.676 28.4842 111.537 34.0385 240.166 77.4988 22.8335 22.8731 16.0462 146.611 93.5546 11.3643 158.153 58.775 5.44356 11.1654 53.3315
internal_count=31778 18435 6434 12001 13343 4101 2333 1757 1529 320 1209 813 396 11228 773 3955 998 10594 2957 617 642 491 6895 3699 351 8454 3043 277 356 2766
is_linear=0
shrinkage=0.05


Tree=18
num_leaves=31
num_cat=0
split_feature=0 11 2 3 0 11 10 8 9 13 0 4 12 2 7 4 10 3 11 3 13 9 2 11 9 13 9 2 9 2
split_gain=31.3961 13.4679 13.9693 12.9734 8.98827 9.89574 8.17042 10.0281 9.34199 7.96166 8.3167 7.95664 7.45633 7.44814 7.3578 7.28493 7.05143 6.95216 6.40232 6.37353 6.13987 6.37589 6.32005 6.41978 6.01989 6.01831 5.80775 5.53803 5.4615 5.4377
threshold=11.569721444311183 2.0494488563368232 77.303232542458531 53.630172893997987 15.528671329407864 0.028555744542258361 25.182815834723613 48.440405823927811 65.973141105870823 0.37668599312044065 13.632106969094831 0.15669309992971611 90.282326826911728 103.18686843969826 2.1214324689497377 0.55886219660479519 19.921387859658669 48.096562534912799 3.8040207967337727 43.964578383683651 0.39716682367559059 59.821695354318997 98.751301135678474 0.40526064602793593 106.27344064821121 0.21647780415276568 45.333034625213664 139.43823265705387 84.293685721874297 85.645776232664034
decision_type=2 2 2 2 2 2 2 2 2 2 2 2 2 2 2 2 2 2 2 2 2 2 2 2 2 2 2 2 2 2
left_child=3 4 -3 6 17 -6 15 -8 18 10 25 -10 16 14 -13 19 -11 -2 -9 27 22 26 23 -19 28 -4 -22 -1 -5 -7
right_child=1 2 9 24 5 29 7 8 11 12 -12 13 -14 -15 -16 -17 -18 20 -20 -21 21 -23 -24 -25 -26 -27 -28 -29 -30 -31
leaf_value=-0.029030590117015167 -0.015767369727139293 -0.01294044223770072 0.096257107737433081 0.014769830066378678 0.07429279277663807 0.030294652639816178 -0.012322338521426522 -0.020964074186603718 -0.015312812514334754 0.11689950268830714 2.8259134895940719e-05 0.023820909539637669 0.019232879690506424 0.01287485512606612 0.13108796405987913 0.020081284525028012 0.04786379339348034 -0.014371163620917483 0.044255094719827026 -0.011972704903323538 0.01538999871215202 -0.00021200117817348296 -0.031692964203813477 0.059553800279118586 0.051466814717334809 0.010353995856889481 0.089122644261431488 0.03016374971936886 -0.031887923860431294 0.0028689613085886318
leaf_weight=104.43839535582811 56.759218070656061 13.062876697629688 4.0774259567260769 33.609438950195909 6.1013535577803841 26.680644584819674 46.633024778217077 12.295251262374228 3.2358323642984024 7.2679420914501014 15.88404396176338 3.0036660479381663 8.0616752281784994 4.4697073744609952 4.4843672020360827 12.975257411599157 11.37414827570319 5.7690586559474486 4.2513960115611544 215.4803577773273 5.7076736427843588 9.6777595710009319 11.558765154331921 4.4028258379548788 8.2117126844823343 3.8573666326701641 5.0311517044901848 3.3271121056750408 6.6879467628896228 52.769090656191111
leaf_count=6500 2519 397 136 1209 138 620 2295 622 187 182 345 125 195 195 186 458 239 215 210 11662 171 309 392 141 263 137 149 192 245 1187
internal_value=-0.00161438 0.0127096 0.0323695 -0.00929732 0.00579453 0.0175667 -0.0121634 0.00235083 0.0236267 0.0441085 0.0217379 0.050629 0.0625573 0.0682779 0.0959357 -0.0155436 0.0793598 -0.00446194 -0.00263991 -0.0170311 0.0107755 0.0298124 -0.00763484 0.0200933 0.0149492 0.0603295 0.0545833 -0.0269425 0.00644164 0.0123411
internal_weight=711.146 248.043 63.5855 463.103 184.458 85.5511 414.594 78.3732 31.7402 50.5226 23.8188 15.1936 26.7038 11.9577 7.48803 336.221 18.6421 98.9065 16.5466 323.246 42.1472 20.4166 21.7306 10.1719 48.5091 7.93479 10.7388 107.766 40.2974 79.4497
internal_count=31821 7472 1631 24349 5841 1945 22632 3820 1525 1234 618 693 616 506 311 18812 421 3896 832 18354 1377 629 748 356 1717 273 320 6692 1454 1807
is_linear=0
shrinkage=0.05


Tree=19
num_leaves=31
num_cat=0
split_feature=0 2 9 4 10 1 4 12 10 4 9 1 7 7 10 2 12 5 4 12 13 9 1 5 0 6 5 6 12 4
split_gain=41.0938 13.8471 12.9316 12.7663 9.55533 8.09687 11.6216 7.69186 6.42938 7.03275 7.19168 6.75355 6.36883 8.70469 9.0518 11.0793 7.53956 6.50194 7.77625 12.915 10.0798 6.29853 11.1218 8.39078 5.58298 7.2402 7.67476 7.43787 7.26462 5.99876
threshold=8.5057506468314674 44.821987372576778 150.40030888750414 0.53901759499895141 74.010964934956817 314.21043920745063 0.62302824675919777 86.121250978828044 40.093560601579732 0.40953964277367277 76.890319975300187 164.64379096695041 5.6339666070251448 6.7570560464168574 2.0645357391834414 78.983135594036995 84.011469383363078 0.8180149120991419 0.25885631610196852 75.806558602372505 0.66618429444648342 37.122422548686792 292.62851889801544 0.43047578652462276 16.801834052374129 6471.897518527905 0.54402589256982525 5662.6190125577423 85.188872524563678 0.27246214694795529
decision_type=2 2 2 2 2 2 2 2 2 2 2 2 2 2 2 2 2 2 2 2 2 2 2 2 2 2 2 2 2 2
left_child=2 -2 8 4 12 -5 -7 -4 -1 10 -10 -12 17 14 -14 -16 -17 18 -3 20 21 22 -20 -23 25 26 28 29 -21 -28
right_child=1 3 7 5 -6 6 -8 -9 9 -11 11 -13 13 -15 15 16 -18 -19 19 24 -22 23 -24 -25 -26 -27 27 -29 -30 -31
leaf_value=-0.017196334012982577 -0.04632322734785084 -0.0081540679127788951 0.0066812704283861091 0.018718011466245698 0.069694459620792543 0.10047021438156656 0.020772597646957758 0.087205027664042256 -0.020229186900330653 0.074161491187707693 -0.022182891971469221 0.07037533840578368 -0.0064407596568522331 0.0078679490436943424 -0.012409362658630362 0.103597287767799 0.031433222948435396 0.027144037629552899 0.11428072516715571 0.078108939655768456 0.093393636861080764 0.069827399589055913 -0.00063556521259158522 0.0017665264480868647 0.018685223817823657 -0.02022262833875843 0.03635060905574742 0.052146097580549347 -0.0080157007584798108 -0.028020085052674382
leaf_weight=261.07939231581986 9.1119364975020272 99.969555631279945 8.5403516404330713 25.766197035089135 5.5695792064070693 9.0128078144043702 9.6390876881778222 3.7009093323722473 15.248435611836618 2.5844383202493182 2.5103308390825978 4.3555953465402126 6.7554585449397591 44.969814283773303 4.1147401826456216 9.6074581164866704 7.3307520430535069 29.366039541549981 3.5335221830755463 5.5753777250647527 4.8605655487626782 4.3511855266988269 3.9107195027172565 29.819943169131875 28.30702536739409 43.580692406743765 3.5592250404879513 3.8167894259095183 3.6281186025589705 18.103182908147573
leaf_count=15069 417 4790 453 702 154 148 159 167 812 87 146 215 256 1513 142 316 185 968 146 238 166 153 127 1080 610 1663 122 132 134 664
internal_value=0.00143715 0.0116121 -0.012698 0.0130259 0.0098484 0.0380465 0.0624362 0.0357734 -0.0148918 0.00918981 -0.00128319 0.0380162 0.00871685 0.021809 0.0432979 0.0588264 0.0758585 0.00527755 0.00264277 0.0097024 0.0313931 0.02213 0.0609851 0.012172 3.90655e-05 -0.0068557 0.0100366 -0.00447013 0.0466995 -0.0163064
internal_weight=712.279 414.26 298.019 405.148 360.73 44.4181 18.6519 12.2413 285.778 24.6988 22.1144 6.86593 355.16 72.7782 27.8084 21.053 16.9382 282.382 253.016 153.046 46.4759 41.6154 7.44424 34.1711 106.57 78.2634 34.6827 25.4792 9.2035 21.6624
internal_count=31934 14985 16949 14568 13559 1009 307 620 16329 1260 1173 361 13405 2412 899 643 501 10993 10025 5235 1672 1506 273 1233 3563 2953 1290 918 372 786
is_linear=0
shrinkage=0.05


Tree=20
num_leaves=31
num_cat=0
split_feature=1 4 2 3 4 10 3 10 5 4 4 3 6 1 8 6 7 1 2 3 9 10 13 12 7 6 13 10 4 9
split_gain=27.7152 15.4791 12.7648 10.6772 10.4162 9.57946 9.47506 10.8855 7.65015 11.0961 11.9675 8.18595 8.11461 10.7638 12.2431 10.0892 8.82707 7.2828 9.38801 7.58146 6.96691 6.0797 5.97107 5.9575 6.49863 5.29807 7.06146 7.46735 9.69273 5.75119
threshold=236.86207579787694 0.20860922608971902 51.445718008808754 48.969508718296673 0.55886219660479519 57.307431680888001 53.781329250872489 1.6065646750379423 0.79879647566378142 0.55508828852427505 0.63046250488422684 45.798790745594182 11055.562331044302 286.12188266044285 32.556841565597942 6140.0872056748258 2.9217975950938011 323.45551456103232 91.491930746666654 55.851727363697471 33.876607883666622 3.3735535293486127 0.53003239296413451 91.853289310698557 5.4874439862481239 4548.188679439857 0.15569015769818143 1.5240402701237359 0.22151856761706012 106.27344064821121
decision_type=2 2 2 2 2 2 2 2 2 2 2 2 2 2 2 2 2 2 2 2 2 2 2 2 2 2 2 2 2 2
left_child=3 17 -3 4 23 25 8 -8 9 11 -11 -4 13 14 -13 16 -16 19 -19 -2 -10 -6 -14 -1 -25 26 -5 28 -28 -29
right_child=1 2 6 5 21 -7 7 -9 20 10 -12 12 22 -15 15 -17 -18 18 -20 -21 -22 -23 -24 24 -26 -27 27 29 -30 -31
leaf_value=-0.021113105476012195 -0.021143549506602254 -0.034978426512255981 0.003509948171523624 0.075513808615357336 0.074422016867266363 0.071359690167960385 -0.0091539129531888076 0.060180279910132133 0.045946064122459579 0.081805760562394747 0.013355757375811544 -0.010396956249870096 -0.015951307294605852 0.017431274254548108 0.078865965083284029 0.11148916846553295 -0.0035697947049493461 -0.024777661217009722 0.047840127397604293 0.051374938715212141 -0.017504630975880651 -0.0011711186235409303 0.032566894176049091 -0.0070229563227088218 0.061441104440669837 -0.0074234300736517687 0.088999660916153189 -0.019282199979740445 -0.016036275637280269 0.035381664849031068
leaf_weight=185.24281595647335 59.388171618804336 11.096288540400563 101.46578671969473 3.3410234292969099 3.7726167328655702 3.875621546059846 7.1124271042645004 22.794596007093787 4.110001338645815 12.28807605057955 13.195634471252559 5.1116060521453646 18.34224408026785 48.392262829467654 5.5318150529637951 9.1068678610026819 6.2935507660731673 6.6159239774569896 10.10569630935788 2.8941910006105891 27.911290674470365 5.9397865682840347 8.4344623349606973 14.933793896809222 3.4527070941403499 78.804782334715128 4.3606690578162661 19.288230639882389 3.2746404241770506 5.3312366828322402
leaf_count=11258 3386 460 3996 133 135 131 180 461 117 233 283 206 582 1399 218 318 226 331 460 94 909 192 244 840 180 3614 211 821 129 186
internal_value=0.00123274 0.0104343 0.0155918 -0.00931629 -0.0159718 0.00272193 0.0176397 0.0439287 0.0144612 0.0176658 0.0482045 0.0136082 0.0235983 0.0319918 0.0574018 0.0736773 0.0381355 -0.00917658 0.0193319 -0.0170151 -0.00821582 0.032398 -4.61877e-05 -0.0184259 0.00833966 -0.000201573 0.0155527 0.0072578 0.0473114 -0.00652598
internal_weight=711.809 380.191 301.187 331.618 213.342 118.276 290.091 29.907 260.184 228.162 25.4837 202.679 101.213 74.4361 26.0438 20.9322 11.8254 79.004 16.7216 62.2824 32.0213 9.7124 26.7767 203.629 18.3865 114.401 35.5958 32.2548 7.63531 24.6195
internal_count=31933 14103 9832 17830 12605 5225 9372 641 8731 7705 516 7189 3193 2367 968 762 444 4271 791 3480 1026 327 826 12278 1020 5094 1480 1347 340 1007
is_linear=0
shrinkage=0.05


Tree=21
num_leaves=31
num_cat=0
split_feature=0 3 2 10 6 0 0 3 8 8 2 11 1 12 9 13 13 12 13 1 9 7 10 3 10 9 3 9 9 1
split_gain=27.0012 16.645 10.3198 9.15757 13.6305 8.18361 9.43368 8.50118 7.7943 8.94721 7.8025 9.34177 7.41003 7.35016 9.17554 7.19553 8.73476 10.4971 6.84556 6.53603 6.34356 6.35754 5.72413 5.59183 6.12526 7.34879 7.02179 6.25864 5.31152 5.29959
threshold=11.386896933321401 48.903361078947469 51.445718008808754 40.093560601579732 4146.4267114343102 5.8464302838832891 6.0161971355862134 43.846802299384656 27.286282140301747 30.391883794597245 112.31050366027294 0.85907022524724652 489.28881282356514 92.22982713982195 41.371610502665114 0.34173685478963628 0.37003996853872195 70.552681412449715 0.59282260542420884 228.415551424418 135.5742766987963 9.0593507588977662 25.182815834723613 44.174829548484048 25.703730915442748 69.921625199784245 41.769237751481946 21.94985252174413 41.371610502665114 326.5735975230719
decision_type=2 2 2 2 2 2 2 2 2 2 2 2 2 2 2 2 2 2 2 2 2 2 2 2 2 2 2 2 2 2
left_child=1 5 -2 15 -5 -1 7 -7 10 -10 11 29 23 -8 -15 -3 -17 18 -18 -6 21 28 -16 24 27 26 -26 -11 -19 -4
right_child=2 3 8 4 19 6 13 -9 9 12 -12 -13 -14 14 22 16 17 20 -20 -21 -22 -23 -24 -25 25 -27 -28 -29 -30 -31
leaf_value=-0.026983104019117868 -0.036687859129987795 -0.010725464786857972 0.0083187774639361077 0.11134564365021844 -0.027331405232663204 -0.010859234792449051 -0.013626156732485942 0.10218565651462914 -0.03309003992812945 0.042728088675626531 0.084260811849443021 -0.024834059917510618 0.054540256749704856 -0.033088246930739744 0.005030310747496442 0.054224896318316763 0.013442268408912623 0.01023899023820795 0.10226420275394357 0.049715284274552032 0.044491596383266233 0.047575195625455785 0.075795538975133303 0.017226479016434974 0.00982701563752225 -0.016058379818961615 0.093070107564303117 -0.014711454210489342 -0.021297687644275216 0.080747370889368397
leaf_weight=89.393822578713298 9.1942378506064397 64.309024418704212 4.800864273682242 3.9059463664889327 5.2648028610274178 2.7707295753061763 174.29319260828197 2.5975878424942493 9.6249141748994571 4.3139860760420552 6.6460757795721284 6.1982210967689744 9.8188416436314565 4.6160745946690431 5.2494519082829338 9.414903203956781 5.1840226314961892 19.287034251727164 3.2343691140413284 3.9358004778623581 5.7830836148932567 4.0610418049618593 5.697341674938798 148.8779105450958 5.495062565430997 5.97400920651853 4.1669932827353477 45.244377324357629 39.071675010956824 5.0035812184214592
leaf_count=6125 381 2900 132 121 209 170 9815 147 297 156 142 140 111 234 262 385 216 817 121 129 223 160 254 4165 167 173 107 1801 1790 116
internal_value=0.00024394 -0.00723733 0.0128561 0.00545874 0.0439806 -0.0145221 -0.00870768 0.0512969 0.0147701 0.0119387 0.0422235 0.0208361 0.014013 -0.0106642 0.0213272 0.00183213 0.0112339 0.0053208 0.0548025 0.00727005 -0.00149047 -0.006385 0.0451222 0.0119092 -0.000310255 0.0260115 0.0510896 -0.00896519 -0.0108782 0.0493343
internal_weight=713.429 448.07 265.359 163.452 13.1065 284.618 195.224 5.36832 256.165 233.516 22.6487 16.0027 223.891 189.856 15.5629 150.345 86.0361 76.6212 8.41839 9.2006 68.2028 62.4198 10.9468 214.072 65.1944 15.6361 9.66206 49.5584 58.3587 9.80445
internal_count=31966 24078 7888 7071 459 17007 10882 317 7507 6977 530 388 6680 10565 750 6612 3712 3327 337 338 2990 2767 516 6569 2404 447 274 1957 2607 248
is_linear=0
shrinkage=0.05


Tree=22
num_leaves=31
num_cat=0
split_feature=4 10 1 11 6 8 6 2 1 7 4 7 1 9 6 5 10 12 7 8 11 10 8 12 8 9 2 10 8 10
split_gain=20.4612 11.9149 11.469 7.90542 8.22297 9.74913 7.21382 7.15895 7.15541 7.44299 6.78255 8.67795 6.37054 6.13536 7.36468 7.28287 5.85198 8.0784 6.2892 6.35239 7.69166 8.62367 5.91549 10.4147 5.78724 5.78257 5.49037 28.666 5.40308 6.88905
threshold=0.20672653344004363 25.703730915442748 237.36449179913947 0.040917236686871243 8554.0175375675426 27.286282140301747 9794.9848368311123 52.469013664970682 323.45551456103232 1.7012848011361752 0.42153168779886879 2.0033372896050134 305.35442700591483 122.08027125753505 3603.6801215275532 0.78295085021791599 0.64300857255816657 67.64492851457068 1.6036463436138295 31.647883387789943 0.52866971680973884 20.402825982220936 39.28366690283486 78.602495039013419 39.28366690283486 87.885337861030891 108.99186220478721 57.307431680888001 34.350337491182032 33.74724485935544
decision_type=2 2 2 2 2 2 2 2 2 2 2 2 2 2 2 2 2 2 2 2 2 2 2 2 2 2 2 2 2 2
left_child=8 2 -2 6 7 12 -4 -5 13 -10 26 -12 -6 -1 -15 -16 25 -18 22 -20 24 -22 23 -19 -21 -9 28 -28 -3 -30
right_child=1 10 3 4 5 -7 -8 16 9 -11 11 -13 -14 14 15 -17 17 18 19 20 21 -23 -24 -25 -26 -27 27 -29 29 -31
leaf_value=-0.017967106123741274 -0.0095671180658692279 -0.026112187534814792 0.013363355724645157 -0.036874887953021816 -0.0026034643883105016 -0.012391599063822941 0.07376464768775802 -0.031150783821339706 0.062817176169948336 -0.0054317031776305461 0.083090309267098081 0.019380397809331668 0.081343934861420067 0.065215160482603549 -0.023314525933236022 0.042736858019658985 0.082696465574195868 0.064709499427482706 -0.0060057073521931521 0.04715589870970667 0.057777306319473545 -0.01470644244246491 -0.015573493301849237 -0.018999843959261634 0.00046386851106199891 0.035061173522566776 0.0023338081255905598 0.12670707676765688 0.043053710841323256 -0.0014186090768285621
leaf_weight=185.8360750162974 140.73212618660182 10.695832020603119 13.555446312762799 5.9721463276073328 4.1019569076597682 76.887836508452892 7.339182029478251 11.110486675985156 5.1510009067133096 10.995297236368058 8.1697724740952271 14.878736034035681 3.8738437294960022 3.7296500112861422 13.523624568246307 4.864815271459519 3.8359523918479672 6.672088133171199 14.104510347358881 8.0735974330455047 27.613025363534693 4.3738406701013437 23.788780784234405 6.5228711143136024 24.780991425737739 3.6079616015776983 19.143966184929017 5.1285168947651973 11.664361812174318 27.681110170669854
leaf_count=11498 7087 392 475 269 145 2579 239 402 256 489 188 350 108 171 821 226 123 200 430 275 836 135 829 210 902 131 603 131 434 939
internal_value=-4.68933e-05 0.00573228 0.0017775 0.00827437 0.00546084 -0.00677796 0.0369792 0.0128512 -0.0125064 0.0187349 0.0212719 0.0444791 0.0426898 -0.0150101 0.009537 -0.00453712 0.0153153 0.0189678 0.01617 0.0240572 0.0305884 0.0477206 -0.000856269 0.0249049 0.0129918 -0.0137221 0.0135791 0.0325864 0.00390187 0.012506
internal_weight=708.409 484.309 386.947 246.215 225.32 84.8636 20.8946 140.456 224.1 16.1463 97.3623 23.0485 7.9758 207.954 22.1181 18.3884 134.484 119.766 115.93 78.946 64.8415 31.9869 36.9837 13.195 32.8546 14.7184 74.3138 24.2725 50.0413 39.3455
internal_count=31873 18412 15375 8288 7574 2832 714 4742 13461 745 3037 538 253 12716 1218 1047 4473 3940 3817 2578 2148 971 1239 410 1177 533 2499 734 1765 1373
is_linear=0
shrinkage=0.05


Tree=23
num_leaves=31
num_cat=0
split_feature=0 3 2 6 6 3 10 13 8 8 8 11 0 9 3 11 2 6 13 13 8 13 7 10 11 9 11 13 11 8
split_gain=33.1076 11.0665 8.55234 6.99898 7.61391 6.68384 6.2879 6.10463 6.56014 7.89279 15.7437 5.51219 11.2796 8.57075 9.77488 7.50127 6.5257 7.90027 10.9445 8.98752 7.7266 9.73763 9.53833 7.87706 9.15347 7.55008 9.31857 6.38044 6.33405 6.27617
threshold=8.5850126423938331 49.263620163513657 44.821987372576778 5702.1565186028511 4938.9286110433759 41.769237751481946 5.968230490162842 0.13942535782375484 64.739619660500566 34.943049979893516 29.595592052890328 0.3601764851784805 15.992306955697755 69.474182626766847 55.294796123432356 0.1661953842930764 82.558809034100562 6799.230592341185 0.437503603034406 0.30202136954869269 57.331510802283624 0.28847409995317891 6.0285726494244765 49.602410672618952 0.50297766094672058 26.713586201236556 1.8194728634099282 0.48204404925636529 2.8205691777980628 34.247605533755369
decision_type=2 2 2 2 2 2 2 2 2 2 2 2 2 2 2 2 2 2 2 2 2 2 2 2 2 2 2 2 2 2
left_child=1 -1 -2 4 7 -4 -6 -3 9 10 -9 12 -7 16 29 27 17 -13 19 -19 21 22 -18 24 -23 -26 -27 -14 -28 -15
right_child=2 3 5 -5 6 11 -8 8 -10 -11 -12 13 15 14 -16 -17 20 18 -20 -21 -22 23 -24 -25 25 26 28 -29 -30 -31
leaf_value=-0.02112971340259763 -0.040154856478927768 0.063903741323491539 -0.0052420036214114703 -0.012035483636723326 0.094510570084506113 -0.0055298840252877672 0.00067146138866670964 -0.041447120117718665 0.048294738445352647 -0.027964240190916891 0.07727053150989753 -0.019167903454124335 0.0640873395769192 -0.026990810104619258 0.063296838731560265 -0.00083545424370305363 -0.0036353354003496549 0.014981809506582615 -0.019019948666206366 0.11024444586728172 0.0014917082669111674 0.094649307156106754 0.068913858402922454 0.10966074827835558 0.074332946792237412 -0.0051653031626422334 0.086417307194226009 0.0090082443091132076 0.020742909224799932 0.0068512397960218867
leaf_weight=189.28310087602586 8.0799333425238711 2.9103553844615808 68.253176249563694 57.889859604649246 3.8056095018982878 93.924903455190361 2.8631555270403624 4.2179826404899377 4.5179769918322554 20.436365207657218 5.2024045679718256 15.904083405621348 13.877148153260352 16.684958411380649 5.4511860739439717 15.220631180331109 20.502697225660089 5.7113405801355857 6.6267138440161935 3.9398978482931852 17.583527362905443 6.5024100979790083 4.7835919735953203 4.5194755289703599 7.6878748908638945 17.022515694610775 5.4674094822257784 8.706281650811432 10.597827884368597 59.810456086881459
leaf_count=12437 402 125 2943 2889 163 4140 115 190 178 900 179 591 257 498 115 307 631 190 217 139 553 221 122 93 210 545 142 179 289 1887
internal_value=-0.00109815 -0.01401 0.00793125 -0.000700834 0.0141632 0.00897739 0.059563 0.00469939 -0.00197796 -0.0109039 0.0252383 0.0118345 0.00378514 0.0168705 0.00419107 0.0264746 0.0249648 0.00530615 0.0289435 0.0605699 0.0315224 0.0382658 0.0121889 0.050524 0.0427165 0.0323675 0.0207223 0.0441358 0.0468478 -0.000783328
internal_weight=707.985 291.127 416.858 101.844 43.9538 408.778 6.66877 37.2851 34.3747 29.8568 9.42039 340.525 131.729 208.796 81.9466 37.8041 126.849 32.182 16.278 9.65124 94.6673 77.0838 25.2863 51.7975 47.278 40.7756 33.0878 22.5834 16.0652 76.4954
internal_count=31847 17176 14671 4739 1850 14269 278 1572 1447 1269 369 11326 4883 6443 2500 743 3943 1137 546 329 2806 2253 753 1500 1407 1186 976 436 431 2385
is_linear=0
shrinkage=0.05


Tree=24
num_leaves=31
num_cat=0
split_feature=4 2 5 1 12 6 11 13 12 11 8 5 8 1 5 12 1 1 1 12 4 10 2 2 6 2 10 11 11 11
split_gain=17.6261 11.3838 10.0716 9.20633 7.44928 7.77994 13.779 6.90186 7.2291 8.35917 8.07872 6.40009 6.62964 6.1207 5.69234 5.18536 8.36017 6.06542 7.85746 5.21099 5.75972 5.27324 4.8445 4.41041 10.2406 7.99658 7.61148 5.01189 4.40977 4.29494
threshold=0.20672653344004363 57.61407595242553 0.56920802276718296 489.28881282356514 77.75307743535619 17561.490235758421 0.70791629073006102 0.64309916321800209 71.556205494666941 0.58022372975539993 27.656273602935951 0.65106946172443825 48.440405823927811 158.68355364715998 0.70506841945359844 78.762221961571569 214.8703541954923 204.54264946266886 215.74950085725794 80.135948349413027 0.16478760512097976 20.402825982220936 106.74190256281699 102.42295607153136 4070.9796969594445 117.88017770860911 51.227590465767996 0.25174148348486042 0.29616521581218996 6.6069679703204773
decision_type=2 2 2 2 2 2 2 2 2 2 2 2 2 2 2 2 2 2 2 2 2 2 2 2 2 2 2 2 2 2
left_child=2 -2 -1 7 -4 15 -7 13 -9 10 -10 12 -11 -3 -13 16 -6 19 -19 -17 -21 -22 -16 29 25 -25 -26 -27 -20 -15
right_child=1 3 4 -5 5 6 -8 8 9 11 -12 14 -14 23 22 17 -18 18 28 20 21 -23 -24 24 26 27 -28 -29 -30 -31
leaf_value=-0.028367636335517383 -0.024336844449321861 -0.014662037796356065 -0.018107374892403143 0.052070036258876108 0.08434707347589962 0.12732301874633098 -0.014430781241021526 0.065646666002853113 0.054456944215446827 0.08432920137934774 -0.021682242778062209 -0.028925185198924071 0.010919350466637542 0.0088763162036140843 -0.0028595183163710423 0.02839697806122457 -0.016265070767563252 0.06312348021031268 -0.029712257909981329 -0.041361485044804004 -0.025439370265848749 0.045737316343208337 0.058013408237428676 -0.0026642126440909858 -0.012376917508092018 0.0010756369646144411 0.037596223960147106 0.056195663306701116 0.0091118161474060804 0.04916403182727995
leaf_weight=65.996835274621844 30.333368428982794 41.556978564709425 62.939747913740575 9.9890428930520994 3.4437591722235075 2.370170501060783 3.1216000849381089 7.0959151275455943 3.2366362735629108 7.4333125390112418 19.015742749907076 5.4260333552956608 5.3703895080834627 191.55141897406429 6.1395007604733092 4.0578578570857635 3.3492069318890572 4.6998118832707396 8.4491651635617 20.119831317104403 4.9265135722234827 3.6633720863610506 5.7781523615121841 19.321061383932829 103.78147971257567 5.6526858713477877 7.2530202716588965 14.655323876999317 31.369169047102332 5.9208115795627227
leaf_count=4593 1430 2219 3707 99 218 134 168 246 109 253 768 148 187 7218 194 259 193 252 485 1270 299 210 152 682 3767 219 166 444 1626 187
internal_value=-0.000424406 0.00484623 -0.0122003 0.00682277 -0.0050648 0.00419874 0.0569371 0.00570313 0.0214208 0.0143146 -0.00874198 0.0310674 0.0565598 0.00325478 0.0101906 0.000125289 0.0390195 -0.00374805 0.00821602 -0.0197644 -0.0272983 0.00651972 0.0288604 0.00542938 -0.00101416 0.0204971 -0.00880612 0.0416237 0.000347537 0.0103259
internal_weight=708.018 489.511 218.507 459.178 152.51 89.5705 5.49177 449.188 59.4957 52.3998 22.2524 30.1474 12.8037 389.693 17.3437 84.0787 6.79297 77.2857 44.5181 32.7676 28.7097 8.58989 11.9177 348.136 150.664 39.6291 111.034 20.308 39.8183 197.472
internal_count=31902 18488 13414 17058 8821 5114 302 16959 2057 1811 877 934 440 14902 494 4812 411 4401 2363 2038 1779 509 346 12683 5278 1345 3933 663 2111 7405
is_linear=0
shrinkage=0.05


Tree=25
num_leaves=31
num_cat=0
split_feature=0 3 0 10 2 6 4 4 8 12 6 9 3 10 3 5 3 12 5 0 13 10 11 8 9 2 10 13 6 2
split_gain=23.8333 11.1664 7.23971 8.93735 7.89879 8.49526 7.43851 6.85363 7.88823 6.37559 18.9379 6.2692 6.02096 6.38464 6.01391 7.54606 5.99464 5.86974 6.61958 6.85259 6.49916 7.81916 6.22804 5.67191 5.57852 6.57243 5.40571 6.18876 5.3182 5.29785
threshold=13.244232283243338 48.969508718296673 5.8464302838832891 80.440386633204312 118.65765594253004 5390.1106829923219 0.59788286465817697 0.42153168779886879 40.752607283998849 68.652627180234802 5196.9635887353352 69.474182626766847 43.901258916749995 14.679583977300348 43.279955041875439 0.45761471518030877 47.194521556254934 74.979005151713025 0.46693479477088817 4.2037021800488619 0.14744031906264707 0.47982013166135667 0.25555812928921823 49.972725518274153 15.43684815150756 132.45024707134971 3.4760649756823963 0.50421438046386802 18773.705346406696 107.60797963194291
decision_type=2 2 2 2 2 2 2 2 2 2 2 2 2 2 2 2 2 2 2 2 2 2 2 2 2 2 2 2 2 2
left_child=1 2 6 4 28 11 -1 14 -9 10 -3 16 -7 -14 26 -16 -6 22 -19 -20 -21 -22 -11 -10 -23 29 -2 -28 -4 -26
right_child=7 9 3 -5 5 12 -8 8 23 17 -12 -13 13 -15 15 -17 -18 18 19 20 21 24 -24 -25 25 -27 27 -29 -30 -31
leaf_value=-0.027222774517405748 -0.035855034589903551 0.11489360750192792 -0.014729985840516914 0.069558949688083113 0.079350718623199354 -0.036647046327945833 0.04797153804311844 0.0077275449030023285 0.071549316267040058 0.004653501644154589 -0.015822898796032613 -0.0051083459911816873 -0.010515988459177476 0.055011799559982894 0.052504048677766035 0.0092744702248084131 -0.0015332238953323391 0.06064441286164355 -0.025275216503857553 0.044012967979993815 0.060629319944782906 0.053957400282614421 -0.033352005224686843 0.025728047231440006 -0.0057458007103219763 -0.037958666544473135 -0.014439026697647617 0.039847439350193567 0.021159416753550049 0.020425937295097677
leaf_weight=82.053096923977137 11.872754038311539 3.8081589285284263 185.00244803819805 2.7238509301096192 7.8177791116759199 9.5205446593463439 2.5378428250551215 24.982925742864609 12.047619683668019 20.456444222480059 6.0532517032697797 5.5379645172506562 10.144483340904115 4.6522744866088024 10.365689107216893 98.118226113729179 3.0442156372591853 4.3652712292969218 16.495992068201303 10.496708719059823 4.8222450390458098 3.7355910614132872 21.290866507217288 17.93000441417098 56.829126774333417 10.028459243476389 13.764984117820861 7.1672659870237103 10.070181100629268 28.079939167946577
leaf_count=6101 453 133 10361 100 394 543 102 494 208 930 251 274 576 197 222 2435 145 194 880 397 221 123 934 376 2275 384 456 205 519 1052
internal_value=-0.000627318 -0.0063292 -0.011939 -0.00742442 -0.00860373 0.0112255 -0.0244327 0.0141348 0.0289733 0.00340332 0.0405862 0.0379368 -0.00757586 0.012265 0.00819961 0.0138469 0.0584637 0.00111018 0.00618878 0.00391969 0.0083276 0.00432176 -0.0150559 0.0458583 0.000989283 -0.0016356 -0.0103328 0.00511815 -0.0127788 0.00304637
internal_weight=705.816 509.567 323.105 238.514 235.79 40.7173 84.5909 196.249 54.9605 186.462 9.86141 16.4 24.3173 14.7968 141.289 108.484 10.862 176.601 134.853 130.488 113.992 103.495 41.7473 29.9776 98.6731 94.9375 32.805 20.9323 195.073 84.9091
internal_count=31935 27086 19312 13109 13009 2129 6203 4849 1078 7774 384 813 1316 773 3771 2657 539 7390 5526 5332 4452 4055 1864 584 3834 3711 1114 661 10880 3327
is_linear=0
shrinkage=0.05


Tree=26
num_leaves=31
num_cat=0
split_feature=0 3 2 8 8 8 12 4 1 3 2 1 1 11 5 8 5 1 0 8 4 5 2 5 9 12 5 9 2 2
split_gain=16.2667 11.1981 7.99072 8.60956 8.68816 8.07359 7.61849 6.78913 6.58764 6.09475 7.89124 6.6792 6.02333 5.70672 8.56332 6.62958 10.6023 7.43442 6.84065 8.5719 8.19009 6.03372 5.80171 6.38218 5.33609 5.33352 5.2801 5.21245 5.16439 5.82619
threshold=13.491865248076678 46.774665394753676 81.350557241849444 65.907568593080342 21.382956115376697 69.478423215273992 89.979864082412135 0.55886219660479519 399.11135342011056 56.997866634055725 83.660970991733009 226.16151901013083 60.860540366134551 1.3524779711403065 0.81546770444415617 53.930382109017806 0.74575012455719658 210.66150768602384 8.7576853104214063 37.231537012654748 0.23440591684566686 0.55611762086133665 100.90041464825804 0.49136034533646095 49.888688717857363 95.170637486324935 0.46416049530438958 97.173582947029146 51.445718008808754 84.52101374386875
decision_type=2 2 2 2 2 2 2 2 2 2 2 2 2 2 2 2 2 2 2 2 2 2 2 2 2 2 2 2 2 2
left_child=1 6 5 4 -4 26 7 8 -1 10 11 -6 -12 14 21 17 -17 27 19 -19 -21 22 23 -14 -9 -8 -3 -15 -2 -30
right_child=28 2 3 -5 9 -7 25 24 -10 -11 12 -13 13 15 -16 16 -18 18 -20 20 -22 -23 -24 -25 -26 -27 -28 -29 29 -31
leaf_value=-0.018866643883877623 -0.02992726960950258 0.030271290086290412 -0.035773679028036943 -0.02719560879342869 0.0060691783627909238 0.060438700956594961 0.019285732938912666 -0.021927147002544473 0.051954957215309697 0.049364103905614992 0.067026393406659876 0.10220619012960411 -0.00063788356297789456 -0.034013250940504315 0.025001721876777541 0.089393894374156735 -0.010173777332191703 -0.0070111951922105578 0.0041921543494189617 0.019070307614325575 0.13040361288135471 -0.012924092169162319 -0.0080581316306080324 0.095245895247788981 0.043904784341234425 -0.024260914518073207 -0.021478441033099607 0.037193268979813787 0.027973613047741916 0.0084437543329377775
leaf_weight=197.40864060539752 5.9377431543543926 4.5385919557884327 8.7202648762613517 15.537234537303446 3.3834465630352488 2.5902536250650874 28.139549558050931 4.0954549890011531 2.4034857908263794 9.8344680685549957 3.2450020443648091 3.2379916561767459 2.9834515647962672 10.719118827953933 25.828945112414658 6.4369945125654322 3.8822623724117875 3.536687367595734 15.839482193812726 3.2894926266744733 3.3926149625331163 73.33871160633862 7.154156194999814 3.1054072342813015 7.3762157913297415 8.3393708076328021 54.497201315127313 2.4048981480300418 53.944947233423591 130.12631699256599
leaf_count=12669 215 246 424 694 172 122 1543 140 113 291 186 130 151 538 1135 231 166 155 443 167 105 3538 368 157 234 442 2681 109 1303 2984
internal_value=0.000290536 -0.00432221 0.00276976 0.00749751 0.0104569 -0.0128915 -0.0119594 -0.0155945 -0.0177603 0.0128604 0.010497 0.0603236 0.00814829 0.00656409 0.000289077 0.0205258 0.0543455 0.0104881 0.0256262 0.0555146 0.0852129 -0.00728446 0.022662 0.0548018 0.0205287 0.00894892 -0.017062 -0.0192556 0.0127564 0.0142875
internal_weight=705.268 515.259 267.497 205.871 190.333 61.626 247.763 211.284 199.812 181.613 171.779 6.62144 165.157 161.912 112.411 49.5016 10.3193 39.1823 26.0583 10.2188 6.68211 86.5817 13.243 6.08886 11.4717 36.4789 59.0358 13.124 190.009 184.071
internal_count=31852 27350 12209 9160 8466 3049 15141 13156 12782 8042 7751 302 7449 7263 5349 1914 397 1517 870 427 272 4214 676 308 374 1985 2927 647 4502 4287
is_linear=0
shrinkage=0.05


Tree=27
num_leaves=31
num_cat=0
split_feature=0 3 3 4 2 4 13 3 13 4 5 4 10 5 5 1 10 8 5 13 4 2 0 0 3 5 3 4 8 12
split_gain=13.6429 10.9541 10.4229 8.6527 8.99245 7.97453 7.61998 8.30644 7.46819 7.17206 11.3675 8.03536 7.1459 12.1699 7.66457 6.50067 5.83389 7.35779 7.08567 5.36636 8.31719 10.946 7.51587 6.31438 5.81204 5.33012 6.55465 6.69255 9.20514 9.33841
threshold=5.8464302838832891 52.449783810928331 48.969508718296673 0.13548915885035376 51.445718008808754 0.54618539466580984 0.54811123302608089 50.096344798706149 0.59282260542420884 0.44463667407653013 0.61956090686311949 0.13148154430391426 5.132263632749777 0.49761940775866548 0.42730301871838144 167.51472892353971 6.7730273371611789 45.718245263966672 0.60719608749092757 0.36003219321994989 0.17843161551313949 90.202018412128254 3.9677995974455973 4.6113497836052009 50.370417849044934 0.8136169180073155 40.991397736359708 0.16094997193652308 44.907984132290089 84.486318334294879
decision_type=2 2 2 2 2 2 2 2 2 2 2 2 2 2 2 2 2 2 2 2 2 2 2 2 2 2 2 2 2 2
left_child=2 3 5 -2 -5 -1 15 12 -9 10 -3 -12 -8 14 -14 -6 -15 -18 -19 23 -21 -22 -23 -4 -25 26 -17 28 29 -28
right_child=1 9 19 4 6 -7 7 8 -10 -11 11 -13 13 16 -16 25 17 18 -20 20 21 22 -24 24 -26 -27 27 -29 -30 -31
leaf_value=-0.0284136099270637 -0.025453964064121648 0.063838968932577511 -0.036199548469383377 -0.031931494369264311 -0.018954336443014294 0.042945489582164424 -0.005243804725557571 -0.010737817889268563 0.065844452881180057 0.048520006794620062 0.061756441830826625 3.2205273703893246e-06 0.019052426917485498 0.060284755327289032 0.10456577866246811 -0.011964010273049904 -0.024064784929950254 0.071367451745390484 -0.0017074374315327974 -0.009699587005260156 -0.016306579511043386 0.12931303492370394 0.033691124755116056 0.064244602360270395 -0.011378570697304184 -0.016470173734261604 0.11367360456729279 0.0063798238677332773 -0.0051092543429366961 -0.0048445928380528797
leaf_weight=77.610619726590812 28.596321115270257 8.491554403677581 12.610088567249479 17.275574293918908 37.993121053092182 3.2554148575291029 42.084987569600344 3.8658858193084624 12.149509876966475 16.450981141999364 4.7570299142971626 61.984545823186636 5.3745570797473174 3.4771831044927266 5.3744679475203156 46.011812855489552 15.201235217973592 4.2486003451049319 8.892546624876557 13.553792757913472 4.7667639926075926 2.8806285457685572 6.6499322466552258 2.9118830990046245 6.5798909533768892 31.27836258802563 4.4748159321024996 210.02740779332817 5.5756102129817009 2.2730001145973802
leaf_count=5994 1890 264 710 970 2144 130 1795 119 379 296 201 1779 218 148 166 2206 553 116 298 748 229 125 285 151 330 1127 276 7792 349 130
internal_value=0.0004476 0.00376327 -0.0140657 0.000747131 0.0024439 -0.0250514 0.0038684 0.0158688 0.047814 0.0195113 0.0126148 0.00525138 0.00933747 0.0235426 0.0670696 0.000254074 0.00724309 -0.00109708 0.0252942 0.00386118 0.0181743 0.0435053 0.0721282 -0.0141811 0.0157332 0.00274456 0.00503692 0.00859279 0.0429986 0.0782783
internal_weight=706.678 575.859 130.819 484.175 455.579 80.866 438.303 100.669 16.0154 91.6841 75.2331 66.7416 84.6536 42.5686 10.749 337.634 31.8196 28.3424 13.1411 49.953 27.8511 14.2973 9.53056 22.1019 9.49177 299.641 268.363 222.351 12.3234 6.74782
internal_count=31918 23216 8702 20676 18786 6124 17816 3792 498 2540 2244 1980 3294 1499 384 14024 1115 967 414 2578 1387 639 410 1191 481 11880 10753 8547 755 406
is_linear=0
shrinkage=0.05


Tree=28
num_leaves=31
num_cat=0
split_feature=4 2 3 4 13 5 2 6 6 2 12 11 4 8 3 4 4 8 7 2 11 5 3 13 13 2 12 5 6 5
split_gain=15.8614 10.7993 8.37014 10.0179 7.61104 6.51605 7.56709 5.96122 7.93096 7.26101 6.04585 5.31954 7.32337 11.9507 11.0862 7.16531 7.06089 6.99315 6.96732 12.738 6.68039 8.32539 7.20991 6.1745 7.43057 11.8548 6.18247 6.13822 7.0928 5.68088
threshold=0.20672653344004363 57.61407595242553 52.12382137665282 0.55508828852427505 0.34173685478963628 0.74065310969693898 123.27353686470907 8953.8621082581467 3351.4072124304889 88.370933447070868 80.225899823048408 0.79472589714079944 0.35339464528130304 34.582366573579328 45.956734644291807 0.23565462827672315 0.33973779290587341 52.032039734600431 2.7857726794262843 79.276531370510938 0.043294411737708073 0.66785855071268918 48.658090603079181 0.35544709582617978 0.53302982086281403 92.546616090496201 91.660453784771079 0.66138866317533407 6106.9006172174404 0.38573123048176622
decision_type=2 2 2 2 2 2 2 2 2 2 2 2 2 2 2 2 2 2 2 2 2 2 2 2 2 2 2 2 2 2
left_child=4 -2 3 11 5 -1 -7 8 -5 -10 -9 15 13 -13 17 -3 23 18 -15 -20 21 -17 -23 26 -25 -26 -16 28 -21 -22
right_child=1 2 -4 7 -6 6 -8 10 9 -11 -12 12 -14 14 16 20 -18 -19 19 27 29 22 -24 24 25 -27 -28 -29 -30 -31
leaf_value=-0.0291190148311328 -0.02296508926463002 -0.024911726403147316 0.022510922856413429 0.046832434865184451 -0.0016493266730122015 -0.013852581509084031 0.04668931642913908 0.078964095106322213 0.03236777076448024 -0.031703384799339353 0.015983039871145566 -0.017713247379500443 -0.0065104154435774685 -0.0066577314513934262 0.070594355983050389 0.00016911022429325106 0.1021292631295217 -0.018761115498729563 0.11556619033014215 0.084541432051003063 0.030487932219749964 0.1019286197414529 0.0057925693971148523 -0.017362228500459525 0.10037764054782868 -0.0012353118954366808 -0.0044441099166979059 -0.038782159572416493 -0.0056727850872692427 -0.0060402393428153275
leaf_weight=65.879329205490649 28.834487077780068 31.487885027192533 81.787920550443232 9.3628182448446768 118.65574263781309 21.924267445690933 5.6609694976359597 8.0844700727611762 6.0703880265355137 10.918416094034908 7.6543705202639094 19.555714203976095 50.182599084451795 11.255689175799491 13.313150176778437 11.57812388520688 3.8352721156552425 15.865030583925543 3.4920565970242015 3.0473300628364068 10.615814838558434 4.2211579484865061 3.3160935388877988 9.1844223588705081 3.930376800708471 6.8124739909544587 3.255356539040803 3.0264893835410476 4.4668989889323711 127.18802712485194
leaf_count=4527 1425 1757 2093 174 7369 1281 314 189 153 276 164 787 1568 485 498 511 90 704 138 111 501 190 100 332 129 198 114 126 185 5423
internal_value=0.00130622 0.00622867 0.00809032 0.00494979 -0.0100947 -0.0206853 -0.000229635 0.0276624 0.012296 -0.00828301 0.0511188 0.00206207 0.00901679 0.0167168 0.0250943 -0.0035382 0.0433999 0.0065505 0.0225397 0.0448439 0.000881271 0.0278053 0.0652653 0.034669 0.0147379 0.0413229 0.0564371 0.0134306 0.0365452 -0.00302689
internal_weight=704.463 492.343 463.508 381.72 212.12 93.4646 27.5852 42.0905 26.3516 16.9888 15.7388 339.63 151.223 101.04 81.4845 188.407 40.3311 41.1535 25.2885 14.0328 156.919 19.1154 7.53725 36.4958 19.9273 10.7429 16.5685 10.5407 7.51423 137.804
internal_count=31912 18421 16996 14903 13491 6122 1595 956 603 429 353 13947 5465 3897 3110 8482 1361 1749 1045 560 6725 801 290 1271 659 327 612 422 296 5924
is_linear=0
shrinkage=0.05


Tree=29
num_leaves=31
num_cat=0
split_feature=1 12 10 2 3 5 4 4 3 6 1 3 4 7 13 7 2 5 12 11 10 3 9 4 9 4 11 11 12 9
split_gain=11.8858 7.99165 7.90477 9.17078 8.41582 7.73471 7.5822 11.64 7.53581 7.90271 6.98138 6.86716 6.24698 5.91535 5.81618 6.72294 13.3591 5.90405 11.2656 5.59414 15.9868 7.27415 7.12758 7.18793 6.52518 8.0528 6.50035 6.26174 6.4507 7.27155
threshold=174.46098470752864 93.810497621854594 49.602410672618952 103.42287841608609 44.225352892147299 0.46693479477088817 0.13548915885035376 0.14743607899070318 47.518177368217266 10797.639324774853 260.93882983260983 49.263620163513657 0.17761548709689415 10.915045681866976 0.34173685478963628 4.0804136512047311 133.21776780604438 0.72239531068402063 80.135948349413027 2.335167362280941 21.299893057926319 50.510981673371496 58.727536273602162 0.15102419289079355 37.122422548686792 0.26945667169874626 0.02632515285402378 0.35402987042719741 75.67009822001441 67.091615337732549
decision_type=2 2 2 2 2 2 2 2 2 2 2 2 2 2 2 2 2 2 2 2 2 2 2 2 2 2 2 2 2 2
left_child=1 13 4 -4 6 8 -2 -8 -6 11 -5 -10 -9 -1 15 -7 17 18 -17 21 24 22 26 -24 -21 -26 -16 28 29 -23
right_child=2 -3 3 10 5 14 7 12 9 -11 -12 -13 -14 -15 19 16 -18 -19 -20 20 -22 27 23 -25 25 -27 -28 -29 -30 -31
leaf_value=-0.018851741668952201 -0.04653617788947708 0.03412395852962298 0.0031811770153380285 0.091948327299445409 0.006252682774079402 -0.012591010072575272 0.074514306367020097 -0.042421062504008011 0.1205287774890878 -0.006634735722183191 0.020745962390714079 0.028347122613791177 -0.0048435940678174215 0.041065368609550457 0.06753326834731245 -0.014633617026318419 0.0730465371801753 -0.016491476226972949 0.052391444119687818 0.0054946194253815773 -0.010186656289913732 0.048194907034098927 0.027141236103108198 -0.028526088555066345 0.024474640297903114 0.097345723534362508 0.0023239144979721399 0.032312782447153347 -0.019209197262933356 -0.017291317517360988
leaf_weight=125.19366558920592 11.377459594048558 7.2121811080723992 20.686063187196851 5.9469874231144777 16.217390584759418 95.111805588938296 3.39808474946767 11.154460735619066 4.2320834044367057 3.3717336496338239 8.375298045575617 4.6124919876456261 127.82986628264189 3.3435576278716317 3.1911336770281187 12.462262784130873 6.1504907933995119 25.444433139637113 10.96777935978025 5.8727969937026527 17.925052146427333 9.9560581296682376 6.0641182130202642 35.746472583152354 7.5338074918836382 8.9810501961037499 44.335384650155902 31.477585910819471 17.337132070213556 6.2417703950777641
leaf_count=7892 946 394 707 204 713 3797 258 835 180 95 178 156 6007 166 127 524 184 834 399 166 562 307 397 1503 293 214 1935 945 585 208
internal_value=-0.000821768 -0.014043 0.00239104 0.0250567 0.000840745 0.00489479 -0.00896798 -0.00566237 0.0295024 0.0575584 0.0543825 0.0802183 -0.00814095 -0.0169882 0.00278609 -0.00459138 0.00921408 -0.000122309 0.0176016 0.00847047 0.0248218 0.00406759 -0.00518179 -0.0200068 0.0520889 0.0673985 0.0080038 0.0166636 0.00146416 0.0234219
internal_weight=697.75 135.749 562.001 35.0083 526.993 373.233 153.76 142.382 28.4337 12.2163 14.3223 8.84458 138.984 128.537 344.799 150.137 55.025 48.8745 23.43 194.662 40.3127 154.35 89.3371 41.8106 22.3877 16.5149 47.5265 65.0125 33.535 16.1978
internal_count=31711 8452 23259 1089 22170 14124 8046 7100 1144 431 382 336 6842 8058 12980 5738 1941 1757 923 7242 1235 6007 3962 1900 673 507 2062 2045 1100 515
is_linear=0
shrinkage=0.05


Tree=30
num_leaves=31
num_cat=0
split_feature=0 2 8 2 3 10 5 8 8 5 7 9 6 0 8 11 11 12 6 2 5 9 1 0 2 8 9 8 2 11
split_gain=11.5781 8.22511 7.96069 7.51872 6.85696 6.40779 6.75425 7.29844 8.62702 8.30506 6.8882 6.07094 7.28213 7.87811 5.371 5.37297 4.944 19.976 6.702 10.6766 4.50006 4.4193 6.23663 5.50028 6.01768 10.8832 5.37907 5.26768 7.35555 4.87855
threshold=7.7638990913703667 44.821987372576778 26.782202248835166 120.61111722442054 52.979884146680796 0.73240857598497511 0.61956090686311949 37.672903826677853 49.405611506943814 0.82318605775523468 1.657126466596339 107.7085924068231 3603.6801215275532 5.9802231308101446 31.647883387789943 1.3804247546909576 4.3893091697346494 87.466856672712282 8233.7601049349596 91.228768822583234 0.80571063731626691 21.94985252174413 262.69841077695497 5.724735294080852 92.546616090496201 36.892267113493553 63.720731016247775 41.35885751973133 115.96398785118353 0.1661953842930764
decision_type=2 2 2 2 2 2 2 2 2 2 2 2 2 2 2 2 2 2 2 2 2 2 2 2 2 2 2 2 2 2
left_child=11 -2 3 -3 16 -6 -7 20 -9 10 -10 21 13 -13 -14 -16 -4 -18 19 -19 -8 -1 29 -24 25 -25 -27 -26 -29 -23
right_child=1 2 4 -5 5 6 7 8 9 -11 -12 12 14 -15 15 -17 17 18 -20 -21 -22 22 23 24 27 26 -28 28 -30 -31
leaf_value=-0.035613543738900723 -0.040168797004690643 0.017473634835139001 0.00099261238596811698 0.072521826465639511 -0.027944695115623482 0.071988933772310901 0.073106697529069509 -0.018896633396094042 0.046812189613502558 0.077556319843140029 -0.023245334759157875 -0.00085698370921108837 0.032600710483710008 0.093838266425417621 -0.02794219857860198 0.021241858373295702 -0.021829040631473978 0.010072709936930095 0.012534616462843484 0.10597388129847481 0.013086741595594127 0.0038817078213413503 -0.019099636660500879 0.12322299933934339 -0.033617087652653685 -0.027562490560432258 0.058318822150570195 -0.017718187912337643 0.078211859170096432 -0.017445493347770624
leaf_weight=15.397991336882113 8.2332791844382864 33.348032890819013 331.06761102378368 6.9636815106496206 5.2122927419841281 6.2016405258327714 7.3214598651975376 16.629963962361217 4.9791863802820462 5.1479829456657162 7.5320586413145065 4.0006899684667578 7.9733746107667711 3.8220582259818912 16.409148208796982 7.2892188755795351 15.281304576434193 4.669750860892238 7.5019324198365203 7.8039248175919056 5.8357317689806223 34.670545535162091 8.4665738018229622 2.7318451441824454 4.7709688674658519 3.3047276325523853 2.2018332285806537 3.5185453314334154 2.8720712130889297 112.69267288222909
leaf_count=993 476 1152 12902 200 145 130 169 400 111 114 194 241 474 162 1015 381 476 164 235 212 125 2403 569 144 253 203 110 187 148 7423
internal_value=0.00216062 0.00662607 0.00753807 0.0285083 0.00548766 0.0211807 0.0263777 0.019053 0.00638258 0.0299253 0.00603706 -0.00702087 0.010628 0.0508014 -0.000545826 -0.0125665 0.00291533 0.0204446 0.0522828 0.0734837 0.0492903 -0.0107138 -0.00833607 0.0130219 0.0272895 0.0571448 0.010463 0.00236633 0.0301438 -0.0124354
internal_weight=703.852 473.73 465.497 40.3117 425.185 58.8603 53.648 47.4464 34.2892 17.6592 12.5112 230.122 39.4945 7.82275 31.6717 23.6984 366.325 35.2569 19.9756 12.4737 13.1572 190.628 175.23 27.8666 19.4 8.23841 5.50656 11.1616 6.39062 147.363
internal_count=31911 17205 16729 1352 15377 1388 1243 1113 819 419 305 14706 2273 403 1870 1396 13989 1087 611 376 294 12433 11440 1614 1045 457 313 588 335 9826
is_linear=0
shrinkage=0.05


Tree=31
num_leaves=31
num_cat=0
split_feature=0 3 10 11 13 8 6 7 1 10 11 2 11 7 3 7 6 13 3 8 7 0 2 1 2 2 6 5 10 10
split_gain=11.9829 9.7643 6.68307 10.5482 7.0667 6.21507 6.45514 5.94121 11.6873 5.6075 10.144 5.20608 4.84207 8.09941 6.99017 5.6443 4.83313 7.58158 4.65462 5.32409 5.02903 4.64015 5.436 7.03472 4.8823 10.0448 4.62314 7.75221 6.96507 5.04378
threshold=12.430832234392192 53.630172893997987 64.994631485629995 3.9045898456452206 0.46627897975239796 29.472447305311359 11175.985577900223 3.8026808379220198 263.89207939053432 2.9309635448693796 0.45206471044303403 53.431930955262466 0.043294411737708073 3.5548116556480722 47.295498005719629 0.30584182633382589 22284.825698084627 0.46404838346327287 39.466020850117026 24.867731934937087 0.47702401399532601 5.1170631035393708 60.322723210582659 270.7967535457297 93.764598217414928 79.558248303978132 2657.1014262445869 0.55792201039688116 37.408269342675858 1.7812902936464925
decision_type=2 2 2 2 2 2 2 2 2 2 2 2 2 2 2 2 2 2 2 2 2 2 2 2 2 2 2 2 2 2
left_child=1 2 11 4 -4 -3 7 9 -9 -7 -11 -1 13 14 -2 -14 18 -18 19 -13 -21 24 23 -23 25 -20 27 29 -29 -24
right_child=12 5 3 -5 -6 6 -8 8 -10 10 -12 16 15 -15 -16 -17 17 -19 21 20 -22 22 26 -25 -26 -27 -28 28 -30 -31
leaf_value=-0.033440695609189434 0.013999449033739716 -0.024203965845657795 -0.035646838996579021 0.093962948555406225 0.049217992126063738 -0.014888215502327684 -0.0181022856320519 0.019166114300331147 0.11038750600922374 0.08409557553118216 0.0014944517095691503 0.036039449032925594 0.052805731143222873 -0.007714048370899635 0.097301716373983896 0.0054176079342241794 0.077316558478988384 -0.013805537807122133 -0.031182032198582899 0.035702662098967511 -0.035445588316193842 0.055233674513661395 0.086560233115934054 -0.034991827960962819 -0.029816647704331345 0.025679431061775844 -0.0076193188201769532 -0.012531525559373289 0.062241146481946334 0.018250635101385537
leaf_weight=19.218079344369471 5.0202721217647213 7.980782692320644 5.3829593034461123 3.1268678130581966 2.9878476802259684 9.8785454453900474 7.9426375292241564 10.283168594352899 4.8033114839345208 4.8925147848203769 10.167331700213252 2.462705908343195 5.4974649101495734 6.8209306588396421 4.9940566280856729 211.25583046022803 3.2787740100175133 4.3545017689466476 14.375055852346124 1.8994217747822393 31.514870848506689 7.0119684888049942 3.3697138931602231 2.1837193323299289 37.197509438730776 14.703581848181782 220.76671931799501 26.185711692087356 2.5210898155346504 9.101632936857639
leaf_count=1382 146 261 234 119 134 355 278 350 87 166 309 170 95 186 112 5513 154 212 1078 132 2142 423 197 125 2670 1058 11861 1344 94 477
internal_value=-0.000272583 -0.00489042 -0.00755976 0.0285264 -0.00333573 0.0145373 0.0213457 0.0294243 0.0532663 0.0135036 0.0318947 -0.00866519 0.00895271 0.0340439 0.060604 0.00685649 -0.00733096 0.0297568 -0.00816682 -0.0250616 -0.0304813 -0.00630167 -0.00337143 0.0324771 -0.0180612 -0.00253224 -0.00474863 0.0104576 -0.00409071 0.0417631
internal_weight=701.18 467.591 411.643 11.4977 8.37081 55.9483 47.9675 40.0249 15.0865 24.9384 15.0598 400.145 233.589 16.8353 10.0143 216.753 380.927 7.63328 373.294 35.877 33.4143 337.417 271.141 9.19569 66.2761 29.0786 261.945 41.1781 28.7068 12.4713
internal_count=31864 25812 24006 487 368 1806 1545 1267 437 830 475 23519 6052 444 258 5608 22137 366 21771 2444 2274 19327 14521 548 4806 2136 13973 2112 1438 674
is_linear=0
shrinkage=0.05


Tree=32
num_leaves=31
num_cat=0
split_feature=0 5 2 4 7 11 2 10 3 3 8 2 10 9 11 2 4 9 3 9 3 3 7 11 5 10 1 3 1 1
split_gain=20.9265 6.8352 6.76519 5.97491 6.79638 9.51692 9.01753 7.92731 6.40605 5.87 6.23355 8.79339 5.6091 9.15139 10.0077 8.28685 7.97576 5.43886 5.26658 7.89147 5.30219 5.14314 10.1843 5.40425 7.1412 5.08955 6.32404 6.09897 7.70059 5.0404
threshold=9.4310482379495912 0.81546770444415617 44.821987372576778 0.25885631610196852 4.2899767312259387 0.37614759697054612 105.34830342390124 28.962127817341557 47.244538292445156 53.953921067388258 23.41620833227395 98.751301135678474 19.017906354971284 115.29100034805955 2.2874670021426491 100.90041464825804 0.36494470443009569 65.64097411056737 47.142177501430332 42.095116324541145 50.510981673371496 49.263620163513657 2.1439960285866921 0.39353154960629672 0.84025962226448281 35.964015681674972 283.20902289296032 43.901258916749995 346.0883651513459 164.64379096695041
decision_type=2 2 2 2 2 2 2 2 2 2 2 2 2 2 2 2 2 2 2 2 2 2 2 2 2 2 2 2 2 2
left_child=1 12 -2 4 25 -6 7 8 -7 10 11 -5 29 15 -15 -14 18 -11 -17 -20 -21 -3 -23 24 -24 27 -27 28 -4 -1
right_child=2 21 3 9 5 6 -8 -9 -10 17 -12 -13 13 14 -16 16 -18 -19 19 20 -22 22 23 -25 -26 26 -28 -29 -30 -31
leaf_value=-0.028603143215386064 -0.043144988604584697 -0.016470467513444251 -0.048088473775223302 0.0010811954339627703 -0.014779302458977113 0.029572300108800166 -0.0020736925471589373 -0.003054909311064136 0.12238145848126665 0.010030458119944768 0.0082941713438729452 0.08220689650504466 -0.023645540695022157 -0.013478132887577592 0.082608685573988039 -0.022279627874444586 0.067633167149075898 0.057902931184375728 -0.028015841006023057 0.10030626299029406 0.004741321859434257 -0.019550984965600076 0.0024232365622822681 0.012802265476701777 0.087841077619343191 0.055380399007962614 -0.021152254603174336 -0.004013967137376776 0.036229941964133171 -0.011455374850565943
leaf_weight=62.164240925572813 5.4414063682779661 15.014791638590394 16.813357992097739 6.429481837898491 12.722414257936178 3.9715593643486518 8.0447652796283347 3.1307156337425104 4.7439278205856681 11.598638046532871 219.26103308331221 6.0132744880393147 33.68218587897718 4.3054353343322855 5.3409155504778028 11.274775622412568 4.4482168527320018 12.333173036575316 3.3366649691015464 2.6358527271077037 2.5891447700560093 11.613467370159922 3.6297385338693875 12.96689678262919 6.8958665980026126 5.519572942517696 3.8912042677402496 55.709153688512743 2.4395683417096725 141.95743164699525
leaf_count=4476 321 987 1014 157 605 205 268 106 157 214 6246 129 1967 204 237 742 158 204 150 139 114 542 151 507 275 198 127 2284 102 8825
internal_value=-0.000196812 -0.00955115 0.00777098 0.008628 -0.000730983 0.0183197 0.0391842 0.0651828 0.0874862 0.0128971 0.0103628 0.043486 -0.0126749 -0.000182883 0.0424847 -0.00788334 0.014049 0.0360343 -0.000636225 0.027215 0.0613199 0.00730098 0.0176426 0.0360767 0.0611508 -0.00822315 0.0247433 -0.012633 -0.036143 -0.0167916
internal_weight=699.919 321.856 378.063 372.622 116.986 32.6134 19.891 11.8462 8.71549 255.636 231.704 12.4428 271.735 67.6132 9.64635 57.9668 24.2847 23.9318 19.8364 8.56166 5.225 50.1208 35.106 23.4925 10.5256 84.3729 9.41078 74.9621 19.2529 204.122
internal_count=31811 19474 12337 12016 5066 1341 736 468 362 6950 6532 286 17012 3711 441 3270 1303 418 1145 403 253 2462 1475 933 426 3725 325 3400 1116 13301
is_linear=0
shrinkage=0.05


end of trees

feature_importances:
peak_temperature_c=109
asset_age_years=97
recent_thermal_cycles=94
vswr_trend_30d=90
rainfall_intensity_mm_hr=89
days_since_maintenance=66
antenna_height_m=63
lightning_density_per_km2=60
elevation_m=58
load_factor=57
terrain_slope_deg=56
humidity_pct=52
subscribers_served=50
encroachment_risk=49

parameters:
[boosting: gbdt]
[objective: binary]
[metric: auc,binary_logloss]
[tree_learner: serial]
[device_type: cpu]
[data_sample_strategy: bagging]
[data: ]
[valid: ]
[num_iterations: 600]
[learning_rate: 0.05]
[num_leaves: 31]
[num_threads: 0]
[seed: 42]
[deterministic: 0]
[force_col_wise: 0]
[force_row_wise: 0]
[histogram_pool_size: -1]
[max_depth: -1]
[min_data_in_leaf: 120]
[min_sum_hessian_in_leaf: 0.001]
[bagging_fraction: 0.85]
[pos_bagging_fraction: 1]
[neg_bagging_fraction: 1]
[bagging_freq: 1]
[bagging_seed: 400]
[bagging_by_query: 0]
[feature_fraction: 0.85]
[feature_fraction_bynode: 1]
[feature_fraction_seed: 30056]
[extra_trees: 0]
[extra_seed: 12879]
[early_stopping_round: 0]
[early_stopping_min_delta: 0]
[first_metric_only: 0]
[max_delta_step: 0]
[lambda_l1: 0]
[lambda_l2: 1]
[linear_lambda: 0]
[min_gain_to_split: 0]
[drop_rate: 0.1]
[max_drop: 50]
[skip_drop: 0.5]
[xgboost_dart_mode: 0]
[uniform_drop: 0]
[drop_seed: 17869]
[top_rate: 0.2]
[other_rate: 0.1]
[min_data_per_group: 100]
[max_cat_threshold: 32]
[cat_l2: 10]
[cat_smooth: 10]
[max_cat_to_onehot: 4]
[top_k: 20]
[monotone_constraints: ]
[monotone_constraints_method: basic]
[monotone_penalty: 0]
[feature_contri: ]
[forcedsplits_filename: ]
[refit_decay_rate: 0.9]
[cegb_tradeoff: 1]
[cegb_penalty_split: 0]
[cegb_penalty_feature_lazy: ]
[cegb_penalty_feature_coupled: ]
[path_smooth: 0]
[interaction_constraints: ]
[verbosity: -1]
[saved_feature_importance_type: 0]
[use_quantized_grad: 0]
[num_grad_quant_bins: 4]
[quant_train_renew_leaf: 0]
[stochastic_rounding: 1]
[linear_tree: 0]
[max_bin: 255]
[max_bin_by_feature: ]
[min_data_in_bin: 3]
[bin_construct_sample_cnt: 200000]
[data_random_seed: 175]
[is_enable_sparse: 1]
[enable_bundle: 1]
[use_missing: 1]
[zero_as_missing: 0]
[feature_pre_filter: 1]
[pre_partition: 0]
[two_round: 0]
[header: 0]
[label_column: ]
[weight_column: ]
[group_column: ]
[ignore_column: ]
[categorical_feature: ]
[forcedbins_filename: ]
[precise_float_parser: 0]
[parser_config_file: ]
[objective_seed: 16083]
[num_class: 1]
[is_unbalance: 0]
[scale_pos_weight: 1]
[sigmoid: 1]
[boost_from_average: 1]
[reg_sqrt: 0]
[alpha: 0.9]
[fair_c: 1]
[poisson_max_delta_step: 0.7]
[tweedie_variance_power: 1.5]
[lambdarank_truncation_level: 30]
[lambdarank_norm: 1]
[label_gain: ]
[lambdarank_position_bias_regularization: 0]
[eval_at: ]
[multi_error_top_k: 1]
[auc_mu_weights: ]
[num_machines: 1]
[local_listen_port: 12400]
[time_out: 120]
[machine_list_filename: ]
[machines: ]
[gpu_platform_id: -1]
[gpu_device_id: -1]
[gpu_device_id_list: ]
[gpu_use_dp: 0]
[num_gpu: 1]

end of parameters

pandas_categorical:null
